tai40a.dat,TabuSearch,MPermutation,maxSteps,10,tabouSize,20,1.0866404,160180
tai40a.dat,TabuSearch,MPermutation,maxSteps,1000,tabouSize,50,1.0188522,22068740
tai40a.dat,TabuSearch,MPermutation,maxSteps,100,tabouSize,50,1.0305609,1568525
tai40a.dat,TabuSearch,MPermutation,maxSteps,10000,tabouSize,100,1.0152416,325004134
tai40a.dat,TabuSearch,MPermutation,maxSteps,10,tabouSize,10,1.0829456,128127
tai40a.dat,TabuSearch,MPermutation,maxSteps,1000,tabouSize,40,1.0172659,20234616
tai40a.dat,TabuSearch,MPermutation,maxSteps,10,tabouSize,9,1.0855875,104190
tai40a.dat,TabuSearch,MPermutation,maxSteps,100,tabouSize,40,1.0308205,1558718
tai40a.dat,TabuSearch,MPermutation,maxSteps,10,tabouSize,4,1.0870372,118992
tai40a.dat,TabuSearch,MPermutation,maxSteps,100,tabouSize,30,1.0315166,1532908
tai40a.dat,TabuSearch,MPermutation,maxSteps,10,tabouSize,3,1.092574,89247
tai40a.dat,TabuSearch,MPermutation,maxSteps,10,tabouSize,2,1.0863699,117556
tai40a.dat,TabuSearch,MPermutation,maxSteps,10,tabouSize,1,1.0947987,113654
tai40a.dat,TabuSearch,MPermutation,maxSteps,10,tabouSize,8,1.0799979,161164
tai40a.dat,TabuSearch,MPermutation,maxSteps,10,tabouSize,7,1.0910227,98842
tai40a.dat,TabuSearch,MPermutation,maxSteps,10,tabouSize,6,1.0850798,115986
tai40a.dat,TabuSearch,MPermutation,maxSteps,10,tabouSize,5,1.0855057,122013
tai40a.dat,TabuSearch,MPermutation,maxSteps,100,tabouSize,20,1.031304,1326329
tai40a.dat,TabuSearch,MPermutation,maxSteps,1000,tabouSize,30,1.0191818,17622263
tai40a.dat,TabuSearch,MPermutation,maxSteps,10000,tabouSize,1,1.044141,104814483
tai40a.dat,TabuSearch,MPermutation,maxSteps,10000,tabouSize,2,1.0331789,106645885
tai40a.dat,TabuSearch,MPermutation,maxSteps,10000,tabouSize,3,1.0277909,109708883
tai40a.dat,TabuSearch,MPermutation,maxSteps,10000,tabouSize,4,1.0235158,111945496
tai40a.dat,TabuSearch,MPermutation,maxSteps,10000,tabouSize,5,1.0173934,115298278
tai40a.dat,TabuSearch,MPermutation,maxSteps,1000,tabouSize,20,1.0211867,15124620
tai40a.dat,TabuSearch,MPermutation,maxSteps,10000,tabouSize,6,1.0153887,117521292
tai40a.dat,TabuSearch,MPermutation,maxSteps,100,tabouSize,6,1.0310371,1189541
tai40a.dat,TabuSearch,MPermutation,maxSteps,10000,tabouSize,7,1.0135753,124111098
tai40a.dat,TabuSearch,MPermutation,maxSteps,1000,tabouSize,10,1.0187904,12842111
tai40a.dat,TabuSearch,MPermutation,maxSteps,100,tabouSize,5,1.0271252,1181877
tai40a.dat,TabuSearch,MPermutation,maxSteps,10000,tabouSize,8,1.0138079,121913582
tai40a.dat,TabuSearch,MPermutation,maxSteps,1000,tabouSize,9,1.0167897,12319166
tai40a.dat,TabuSearch,MPermutation,maxSteps,100,tabouSize,4,1.0284882,1223117
tai40a.dat,TabuSearch,MPermutation,maxSteps,1000,tabouSize,8,1.0189134,12089868
tai40a.dat,TabuSearch,MPermutation,maxSteps,10000,tabouSize,9,1.013008,123725421
tai40a.dat,TabuSearch,MPermutation,maxSteps,100,tabouSize,3,1.0333542,1073133
tai40a.dat,TabuSearch,MPermutation,maxSteps,1000,tabouSize,7,1.0155232,11768749
tai40a.dat,TabuSearch,MPermutation,maxSteps,10000,tabouSize,10,1.0115497,123250556
tai40a.dat,TabuSearch,MPermutation,maxSteps,100,tabouSize,10,1.0339756,1185908
tai40a.dat,TabuSearch,MPermutation,maxSteps,100,tabouSize,9,1.0307692,1178149
tai40a.dat,TabuSearch,MPermutation,maxSteps,100,tabouSize,8,1.0284318,1140159
tai40a.dat,TabuSearch,MPermutation,maxSteps,100,tabouSize,7,1.0313739,1166210
tai40a.dat,TabuSearch,MPermutation,maxSteps,1000,tabouSize,2,1.037137,10740716
tai40a.dat,TabuSearch,MPermutation,maxSteps,10,tabouSize,100,1.0880724,110125
tai40a.dat,TabuSearch,MPermutation,maxSteps,1000,tabouSize,1,1.0409493,10605586
tai40a.dat,TabuSearch,MPermutation,maxSteps,100,tabouSize,2,1.0305141,1092115
tai40a.dat,TabuSearch,MPermutation,maxSteps,1000,tabouSize,6,1.0226644,11971639
tai40a.dat,TabuSearch,MPermutation,maxSteps,100,tabouSize,1,1.0389878,1069271
tai40a.dat,TabuSearch,MPermutation,maxSteps,1000,tabouSize,5,1.016976,10734707
tai40a.dat,TabuSearch,MPermutation,maxSteps,10000,tabouSize,20,1.013331,147033852
tai40a.dat,TabuSearch,MPermutation,maxSteps,1000,tabouSize,4,1.0269685,11401348
tai40a.dat,TabuSearch,MPermutation,maxSteps,1000,tabouSize,3,1.0310849,10698804
tai40a.dat,TabuSearch,MPermutation,maxSteps,10,tabouSize,90,1.0868114,102606
tai40a.dat,TabuSearch,MPermutation,maxSteps,10000,tabouSize,30,1.0153152,172930445
tai40a.dat,TabuSearch,MPermutation,maxSteps,10000,tabouSize,40,1.016138,194891457
tai40a.dat,TabuSearch,MPermutation,maxSteps,100,tabouSize,100,1.0277374,1408853
tai40a.dat,TabuSearch,MPermutation,maxSteps,10,tabouSize,80,1.0885566,99399
tai40a.dat,TabuSearch,MPermutation,maxSteps,10000,tabouSize,50,1.0164542,218251168
tai40a.dat,TabuSearch,MPermutation,maxSteps,10,tabouSize,70,1.0905309,95859
tai40a.dat,TabuSearch,MPermutation,maxSteps,1000,tabouSize,100,1.0226179,28415731
tai40a.dat,TabuSearch,MPermutation,maxSteps,10,tabouSize,60,1.0856551,96046
tai40a.dat,TabuSearch,MPermutation,maxSteps,1000,tabouSize,90,1.0236461,28082610
tai40a.dat,TabuSearch,MPermutation,maxSteps,100,tabouSize,90,1.0363598,1321415
tai40a.dat,TabuSearch,MPermutation,maxSteps,10000,tabouSize,60,1.0127659,237732007
tai40a.dat,TabuSearch,MPermutation,maxSteps,10,tabouSize,50,1.0963079,98979
tai40a.dat,TabuSearch,MPermutation,maxSteps,1000,tabouSize,80,1.0243115,25965570
tai40a.dat,TabuSearch,MPermutation,maxSteps,100,tabouSize,80,1.0301325,1555091
tai40a.dat,TabuSearch,MPermutation,maxSteps,10000,tabouSize,70,1.0190806,264466268
tai40a.dat,TabuSearch,MPermutation,maxSteps,100,tabouSize,70,1.0309817,1417274
tai40a.dat,TabuSearch,MPermutation,maxSteps,10000,tabouSize,80,1.0157101,281430847
tai40a.dat,TabuSearch,MPermutation,maxSteps,100,tabouSize,60,1.0278693,1499053
tai40a.dat,TabuSearch,MPermutation,maxSteps,10,tabouSize,40,1.0883572,99509
tai40a.dat,TabuSearch,MPermutation,maxSteps,1000,tabouSize,70,1.0224873,24117021
tai40a.dat,TabuSearch,MPermutation,maxSteps,10000,tabouSize,90,1.0168123,302308655
tai40a.dat,TabuSearch,MPermutation,maxSteps,10,tabouSize,30,1.0877278,100174
tai40a.dat,TabuSearch,MPermutation,maxSteps,1000,tabouSize,60,1.0220962,22863832
tai100a.dat,TabuSearch,MPermutation,maxSteps,10,tabouSize,20,1.1012487,3793284
tai100a.dat,TabuSearch,MPermutation,maxSteps,1000,tabouSize,50,1.0196775,468848654
tai100a.dat,TabuSearch,MPermutation,maxSteps,100,tabouSize,50,1.031607,40692110
tai100a.dat,TabuSearch,MPermutation,maxSteps,10000,tabouSize,100,1.0175451,5544855748
tai100a.dat,TabuSearch,MPermutation,maxSteps,10,tabouSize,10,1.1016219,4138149
tai100a.dat,TabuSearch,MPermutation,maxSteps,1000,tabouSize,40,1.0202255,463996727
tai100a.dat,TabuSearch,MPermutation,maxSteps,10,tabouSize,9,1.0992756,4018180
tai100a.dat,TabuSearch,MPermutation,maxSteps,100,tabouSize,40,1.0315948,39559306
tai100a.dat,TabuSearch,MPermutation,maxSteps,10,tabouSize,4,1.1038969,3928707
tai100a.dat,TabuSearch,MPermutation,maxSteps,100,tabouSize,30,1.0299132,40875829
tai100a.dat,TabuSearch,MPermutation,maxSteps,10,tabouSize,3,1.1010586,3832324
tai100a.dat,TabuSearch,MPermutation,maxSteps,10,tabouSize,2,1.1045456,4172494
tai100a.dat,TabuSearch,MPermutation,maxSteps,10,tabouSize,1,1.1022427,4136620
tai100a.dat,TabuSearch,MPermutation,maxSteps,10,tabouSize,8,1.1003587,4141278
tai100a.dat,TabuSearch,MPermutation,maxSteps,10,tabouSize,7,1.1021991,4245322
tai100a.dat,TabuSearch,MPermutation,maxSteps,10,tabouSize,6,1.0990359,4067452
tai100a.dat,TabuSearch,MPermutation,maxSteps,10,tabouSize,5,1.1016713,3947797
tai100a.dat,TabuSearch,MPermutation,maxSteps,100,tabouSize,20,1.0314046,42298642
tai100a.dat,TabuSearch,MPermutation,maxSteps,1000,tabouSize,30,1.0195357,448854399
tai100a.dat,TabuSearch,MPermutation,maxSteps,10000,tabouSize,1,1.0331312,4217567727
tai100a.dat,TabuSearch,MPermutation,maxSteps,10000,tabouSize,2,1.0304834,4246830456
tai100a.dat,TabuSearch,MPermutation,maxSteps,10000,tabouSize,3,1.0269822,4480855894
tai100a.dat,TabuSearch,MPermutation,maxSteps,10000,tabouSize,4,1.0207956,4219551489
tai100a.dat,TabuSearch,MPermutation,maxSteps,10000,tabouSize,5,1.0168132,4250684543
tai100a.dat,TabuSearch,MPermutation,maxSteps,1000,tabouSize,20,1.0178738,465888084
tai100a.dat,TabuSearch,MPermutation,maxSteps,10000,tabouSize,6,1.0175749,4261279323
tai100a.dat,TabuSearch,MPermutation,maxSteps,100,tabouSize,6,1.0321954,41886423
tai100a.dat,TabuSearch,MPermutation,maxSteps,10000,tabouSize,7,1.0139587,4348365495
tai100a.dat,TabuSearch,MPermutation,maxSteps,1000,tabouSize,10,1.0172701,431576849
tai100a.dat,TabuSearch,MPermutation,maxSteps,100,tabouSize,5,1.029447,43816004
tai100a.dat,TabuSearch,MPermutation,maxSteps,10000,tabouSize,8,1.0109937,4522165585
tai100a.dat,TabuSearch,MPermutation,maxSteps,1000,tabouSize,9,1.0163246,432763167
tai100a.dat,TabuSearch,MPermutation,maxSteps,100,tabouSize,4,1.0308157,42272534
tai100a.dat,TabuSearch,MPermutation,maxSteps,1000,tabouSize,8,1.0171771,427239733
tai100a.dat,TabuSearch,MPermutation,maxSteps,10000,tabouSize,9,1.0125816,4303847673
tai100a.dat,TabuSearch,MPermutation,maxSteps,100,tabouSize,3,1.0306336,44204037
tai100a.dat,TabuSearch,MPermutation,maxSteps,1000,tabouSize,7,1.0160692,430110590
tai100a.dat,TabuSearch,MPermutation,maxSteps,10000,tabouSize,10,1.012393,4307799511
tai100a.dat,TabuSearch,MPermutation,maxSteps,100,tabouSize,10,1.0287362,42178979
tai100a.dat,TabuSearch,MPermutation,maxSteps,100,tabouSize,9,1.0322545,41990704
tai100a.dat,TabuSearch,MPermutation,maxSteps,100,tabouSize,8,1.0339187,41921486
tai100a.dat,TabuSearch,MPermutation,maxSteps,100,tabouSize,7,1.0306511,42980265
tai100a.dat,TabuSearch,MPermutation,maxSteps,1000,tabouSize,2,1.0307224,418731295
tai100a.dat,TabuSearch,MPermutation,maxSteps,10,tabouSize,100,1.101067,4374795
tai100a.dat,TabuSearch,MPermutation,maxSteps,1000,tabouSize,1,1.034014,417774767
tai100a.dat,TabuSearch,MPermutation,maxSteps,100,tabouSize,2,1.0328405,45089582
tai100a.dat,TabuSearch,MPermutation,maxSteps,1000,tabouSize,6,1.0163159,451791658
tai100a.dat,TabuSearch,MPermutation,maxSteps,100,tabouSize,1,1.033788,41898403
tai100a.dat,TabuSearch,MPermutation,maxSteps,1000,tabouSize,5,1.0180123,425326382
tai100a.dat,TabuSearch,MPermutation,maxSteps,10000,tabouSize,20,1.014116,4433757435
tai100a.dat,TabuSearch,MPermutation,maxSteps,1000,tabouSize,4,1.0231508,426938975
tai100a.dat,TabuSearch,MPermutation,maxSteps,1000,tabouSize,3,1.028306,418598560
tai100a.dat,TabuSearch,MPermutation,maxSteps,10,tabouSize,90,1.1072183,4184573
tai100a.dat,TabuSearch,MPermutation,maxSteps,10000,tabouSize,30,1.0151471,4524367268
tai100a.dat,TabuSearch,MPermutation,maxSteps,10000,tabouSize,40,1.0160652,4867020349
tai100a.dat,TabuSearch,MPermutation,maxSteps,100,tabouSize,100,1.0317981,41462316
tai100a.dat,TabuSearch,MPermutation,maxSteps,10,tabouSize,80,1.1018059,4070632
tai100a.dat,TabuSearch,MPermutation,maxSteps,10000,tabouSize,50,1.0157835,4764451910
tai100a.dat,TabuSearch,MPermutation,maxSteps,10,tabouSize,70,1.0997607,4243778
tai100a.dat,TabuSearch,MPermutation,maxSteps,1000,tabouSize,100,1.0202175,549829263
tai100a.dat,TabuSearch,MPermutation,maxSteps,10,tabouSize,60,1.1005049,4106199
tai100a.dat,TabuSearch,MPermutation,maxSteps,1000,tabouSize,90,1.0210466,521890848
tai100a.dat,TabuSearch,MPermutation,maxSteps,100,tabouSize,90,1.034735,42093281
tai100a.dat,TabuSearch,MPermutation,maxSteps,10000,tabouSize,60,1.0163708,4904760594
tai100a.dat,TabuSearch,MPermutation,maxSteps,10,tabouSize,50,1.1019986,4168834
tai100a.dat,TabuSearch,MPermutation,maxSteps,1000,tabouSize,80,1.0203576,506134957
tai100a.dat,TabuSearch,MPermutation,maxSteps,100,tabouSize,80,1.0310483,43651967
tai100a.dat,TabuSearch,MPermutation,maxSteps,10000,tabouSize,70,1.0155259,5073067599
tai100a.dat,TabuSearch,MPermutation,maxSteps,100,tabouSize,70,1.031039,44142136
tai100a.dat,TabuSearch,MPermutation,maxSteps,10000,tabouSize,80,1.0159074,5308284857
tai100a.dat,TabuSearch,MPermutation,maxSteps,100,tabouSize,60,1.0300386,42593746
tai100a.dat,TabuSearch,MPermutation,maxSteps,10,tabouSize,40,1.101819,4170659
tai100a.dat,TabuSearch,MPermutation,maxSteps,1000,tabouSize,70,1.0206782,495156785
tai100a.dat,TabuSearch,MPermutation,maxSteps,10000,tabouSize,90,1.0175251,5286914183
tai100a.dat,TabuSearch,MPermutation,maxSteps,10,tabouSize,30,1.0970705,4018167
tai100a.dat,TabuSearch,MPermutation,maxSteps,1000,tabouSize,60,1.0204612,478971803
tai12a.dat,TabuSearch,MPermutation,maxSteps,10,tabouSize,20,1.0896772,1123
tai12a.dat,TabuSearch,MPermutation,maxSteps,1000,tabouSize,50,1.0560566,470473
tai12a.dat,TabuSearch,MPermutation,maxSteps,100,tabouSize,50,1.0565112,36338
tai12a.dat,TabuSearch,MPermutation,maxSteps,10000,tabouSize,100,1.0402645,50745
tai12a.dat,TabuSearch,MPermutation,maxSteps,10,tabouSize,10,1.0721962,1134
tai12a.dat,TabuSearch,MPermutation,maxSteps,1000,tabouSize,40,1.0454023,616772
tai12a.dat,TabuSearch,MPermutation,maxSteps,10,tabouSize,9,1.0742327,1245
tai12a.dat,TabuSearch,MPermutation,maxSteps,100,tabouSize,40,1.0526612,38611
tai12a.dat,TabuSearch,MPermutation,maxSteps,10,tabouSize,4,1.077793,1149
tai12a.dat,TabuSearch,MPermutation,maxSteps,100,tabouSize,30,1.0748521,39581
tai12a.dat,TabuSearch,MPermutation,maxSteps,10,tabouSize,3,1.0846509,1145
tai12a.dat,TabuSearch,MPermutation,maxSteps,10,tabouSize,2,1.0921993,1160
tai12a.dat,TabuSearch,MPermutation,maxSteps,10,tabouSize,1,1.0754714,1087
tai12a.dat,TabuSearch,MPermutation,maxSteps,10,tabouSize,8,1.0452597,1122
tai12a.dat,TabuSearch,MPermutation,maxSteps,10,tabouSize,7,1.072076,1148
tai12a.dat,TabuSearch,MPermutation,maxSteps,10,tabouSize,6,1.0751328,1078
tai12a.dat,TabuSearch,MPermutation,maxSteps,10,tabouSize,5,1.0986338,1168
tai12a.dat,TabuSearch,MPermutation,maxSteps,100,tabouSize,20,1.0367131,40718
tai12a.dat,TabuSearch,MPermutation,maxSteps,1000,tabouSize,30,1.0365883,470547
tai12a.dat,TabuSearch,MPermutation,maxSteps,10000,tabouSize,1,1.062491,1197727
tai12a.dat,TabuSearch,MPermutation,maxSteps,10000,tabouSize,2,1.0524428,1371354
tai12a.dat,TabuSearch,MPermutation,maxSteps,10000,tabouSize,3,1.0429025,1562979
tai12a.dat,TabuSearch,MPermutation,maxSteps,10000,tabouSize,4,1.0367709,1766901
tai12a.dat,TabuSearch,MPermutation,maxSteps,10000,tabouSize,5,1.0366997,1959591
tai12a.dat,TabuSearch,MPermutation,maxSteps,1000,tabouSize,20,1.0061983,397140
tai12a.dat,TabuSearch,MPermutation,maxSteps,10000,tabouSize,6,1.0280194,2163918
tai12a.dat,TabuSearch,MPermutation,maxSteps,100,tabouSize,6,1.015342,19887
tai12a.dat,TabuSearch,MPermutation,maxSteps,10000,tabouSize,7,1.0140097,2274329
tai12a.dat,TabuSearch,MPermutation,maxSteps,1000,tabouSize,10,1.0,276866
tai12a.dat,TabuSearch,MPermutation,maxSteps,100,tabouSize,5,1.0210146,18225
tai12a.dat,TabuSearch,MPermutation,maxSteps,10000,tabouSize,8,1.0192188,2493784
tai12a.dat,TabuSearch,MPermutation,maxSteps,1000,tabouSize,9,1.0095447,247916
tai12a.dat,TabuSearch,MPermutation,maxSteps,100,tabouSize,4,1.0412092,16037
tai12a.dat,TabuSearch,MPermutation,maxSteps,1000,tabouSize,8,1.0070049,255067
tai12a.dat,TabuSearch,MPermutation,maxSteps,10000,tabouSize,9,1.0095447,2553331
tai12a.dat,TabuSearch,MPermutation,maxSteps,100,tabouSize,3,1.062148,18638
tai12a.dat,TabuSearch,MPermutation,maxSteps,1000,tabouSize,7,1.0070049,220835
tai12a.dat,TabuSearch,MPermutation,maxSteps,10000,tabouSize,10,1.0242674,2659592
tai12a.dat,TabuSearch,MPermutation,maxSteps,100,tabouSize,10,1.0507495,23796
tai12a.dat,TabuSearch,MPermutation,maxSteps,100,tabouSize,9,1.0314728,23413
tai12a.dat,TabuSearch,MPermutation,maxSteps,100,tabouSize,8,1.0449879,22437
tai12a.dat,TabuSearch,MPermutation,maxSteps,100,tabouSize,7,1.0070049,20851
tai12a.dat,TabuSearch,MPermutation,maxSteps,1000,tabouSize,2,1.0315129,175878
tai12a.dat,TabuSearch,MPermutation,maxSteps,10,tabouSize,100,1.1126345,922
tai12a.dat,TabuSearch,MPermutation,maxSteps,1000,tabouSize,1,1.100238,114620
tai12a.dat,TabuSearch,MPermutation,maxSteps,100,tabouSize,2,1.0492702,13786
tai12a.dat,TabuSearch,MPermutation,maxSteps,1000,tabouSize,6,1.0305905,213689
tai12a.dat,TabuSearch,MPermutation,maxSteps,100,tabouSize,1,1.0739743,9868
tai12a.dat,TabuSearch,MPermutation,maxSteps,1000,tabouSize,5,1.0262237,213122
tai12a.dat,TabuSearch,MPermutation,maxSteps,10000,tabouSize,20,1.0,4102350
tai12a.dat,TabuSearch,MPermutation,maxSteps,1000,tabouSize,4,1.0070049,172956
tai12a.dat,TabuSearch,MPermutation,maxSteps,1000,tabouSize,3,1.0140097,176872
tai12a.dat,TabuSearch,MPermutation,maxSteps,10,tabouSize,90,1.0718799,1206
tai12a.dat,TabuSearch,MPermutation,maxSteps,10000,tabouSize,30,1.0,4761811
tai12a.dat,TabuSearch,MPermutation,maxSteps,10000,tabouSize,40,1.0226321,5193576
tai12a.dat,TabuSearch,MPermutation,maxSteps,100,tabouSize,100,1.0440432,40463
tai12a.dat,TabuSearch,MPermutation,maxSteps,10,tabouSize,80,1.067562,1249
tai12a.dat,TabuSearch,MPermutation,maxSteps,10000,tabouSize,50,1.0415746,5170791
tai12a.dat,TabuSearch,MPermutation,maxSteps,10,tabouSize,70,1.0918206,1231
tai12a.dat,TabuSearch,MPermutation,maxSteps,1000,tabouSize,100,1.0480403,47277
tai12a.dat,TabuSearch,MPermutation,maxSteps,10,tabouSize,60,1.0761666,1283
tai12a.dat,TabuSearch,MPermutation,maxSteps,1000,tabouSize,90,1.0678027,49683
tai12a.dat,TabuSearch,MPermutation,maxSteps,100,tabouSize,90,1.0618895,41610
tai12a.dat,TabuSearch,MPermutation,maxSteps,10000,tabouSize,60,1.0327517,4509883
tai12a.dat,TabuSearch,MPermutation,maxSteps,10,tabouSize,50,1.0796556,1263
tai12a.dat,TabuSearch,MPermutation,maxSteps,1000,tabouSize,80,1.0653831,45403
tai12a.dat,TabuSearch,MPermutation,maxSteps,100,tabouSize,80,1.0730429,40872
tai12a.dat,TabuSearch,MPermutation,maxSteps,10000,tabouSize,70,1.0478754,43505
tai12a.dat,TabuSearch,MPermutation,maxSteps,100,tabouSize,70,1.0527458,35953
tai12a.dat,TabuSearch,MPermutation,maxSteps,10000,tabouSize,80,1.0471401,43450
tai12a.dat,TabuSearch,MPermutation,maxSteps,100,tabouSize,60,1.034298,38094
tai12a.dat,TabuSearch,MPermutation,maxSteps,10,tabouSize,40,1.0872933,957
tai12a.dat,TabuSearch,MPermutation,maxSteps,1000,tabouSize,70,1.0528527,42323
tai12a.dat,TabuSearch,MPermutation,maxSteps,10000,tabouSize,90,1.0518769,52336
tai12a.dat,TabuSearch,MPermutation,maxSteps,10,tabouSize,30,1.0803285,1281
tai12a.dat,TabuSearch,MPermutation,maxSteps,1000,tabouSize,60,1.0533161,424173
tai35a.dat,TabuSearch,MPermutation,maxSteps,10,tabouSize,20,1.0764004,59476
tai35a.dat,TabuSearch,MPermutation,maxSteps,1000,tabouSize,50,1.0160099,14417217
tai35a.dat,TabuSearch,MPermutation,maxSteps,100,tabouSize,50,1.0279108,892630
tai35a.dat,TabuSearch,MPermutation,maxSteps,10000,tabouSize,100,1.0133547,222718339
tai35a.dat,TabuSearch,MPermutation,maxSteps,10,tabouSize,10,1.0829446,55852
tai35a.dat,TabuSearch,MPermutation,maxSteps,1000,tabouSize,40,1.0212696,12678894
tai35a.dat,TabuSearch,MPermutation,maxSteps,10,tabouSize,9,1.0821077,60874
tai35a.dat,TabuSearch,MPermutation,maxSteps,100,tabouSize,40,1.0317341,932444
tai35a.dat,TabuSearch,MPermutation,maxSteps,10,tabouSize,4,1.082528,67046
tai35a.dat,TabuSearch,MPermutation,maxSteps,100,tabouSize,30,1.0291784,879456
tai35a.dat,TabuSearch,MPermutation,maxSteps,10,tabouSize,3,1.079331,59989
tai35a.dat,TabuSearch,MPermutation,maxSteps,10,tabouSize,2,1.0813298,64116
tai35a.dat,TabuSearch,MPermutation,maxSteps,10,tabouSize,1,1.0837357,61986
tai35a.dat,TabuSearch,MPermutation,maxSteps,10,tabouSize,8,1.0834528,63882
tai35a.dat,TabuSearch,MPermutation,maxSteps,10,tabouSize,7,1.0864136,61009
tai35a.dat,TabuSearch,MPermutation,maxSteps,10,tabouSize,6,1.078163,56368
tai35a.dat,TabuSearch,MPermutation,maxSteps,10,tabouSize,5,1.0776795,62592
tai35a.dat,TabuSearch,MPermutation,maxSteps,100,tabouSize,20,1.031656,849805
tai35a.dat,TabuSearch,MPermutation,maxSteps,1000,tabouSize,30,1.0174116,11243749
tai35a.dat,TabuSearch,MPermutation,maxSteps,10000,tabouSize,1,1.0406094,62711711
tai35a.dat,TabuSearch,MPermutation,maxSteps,10000,tabouSize,2,1.0370929,66255431
tai35a.dat,TabuSearch,MPermutation,maxSteps,10000,tabouSize,3,1.0230079,67735999
tai35a.dat,TabuSearch,MPermutation,maxSteps,10000,tabouSize,4,1.0236297,69407174
tai35a.dat,TabuSearch,MPermutation,maxSteps,10000,tabouSize,5,1.0197551,72176351
tai35a.dat,TabuSearch,MPermutation,maxSteps,1000,tabouSize,20,1.018204,9781394
tai35a.dat,TabuSearch,MPermutation,maxSteps,10000,tabouSize,6,1.0184525,76320913
tai35a.dat,TabuSearch,MPermutation,maxSteps,100,tabouSize,6,1.0254141,717796
tai35a.dat,TabuSearch,MPermutation,maxSteps,10000,tabouSize,7,1.0169641,78800479
tai35a.dat,TabuSearch,MPermutation,maxSteps,1000,tabouSize,10,1.017706,8149975
tai35a.dat,TabuSearch,MPermutation,maxSteps,100,tabouSize,5,1.0276119,721272
tai35a.dat,TabuSearch,MPermutation,maxSteps,10000,tabouSize,8,1.0152147,77193007
tai35a.dat,TabuSearch,MPermutation,maxSteps,1000,tabouSize,9,1.0148315,7773879
tai35a.dat,TabuSearch,MPermutation,maxSteps,100,tabouSize,4,1.0332729,746893
tai35a.dat,TabuSearch,MPermutation,maxSteps,1000,tabouSize,8,1.0117621,7637414
tai35a.dat,TabuSearch,MPermutation,maxSteps,10000,tabouSize,9,1.0137395,79167311
tai35a.dat,TabuSearch,MPermutation,maxSteps,100,tabouSize,3,1.0250578,712040
tai35a.dat,TabuSearch,MPermutation,maxSteps,1000,tabouSize,7,1.0143175,7640965
tai35a.dat,TabuSearch,MPermutation,maxSteps,10000,tabouSize,10,1.0152386,81267436
tai35a.dat,TabuSearch,MPermutation,maxSteps,100,tabouSize,10,1.0247585,790470
tai35a.dat,TabuSearch,MPermutation,maxSteps,100,tabouSize,9,1.027677,708826
tai35a.dat,TabuSearch,MPermutation,maxSteps,100,tabouSize,8,1.0263968,713712
tai35a.dat,TabuSearch,MPermutation,maxSteps,100,tabouSize,7,1.0246462,707262
tai35a.dat,TabuSearch,MPermutation,maxSteps,1000,tabouSize,2,1.0321325,6692425
tai35a.dat,TabuSearch,MPermutation,maxSteps,10,tabouSize,100,1.0771214,62610
tai35a.dat,TabuSearch,MPermutation,maxSteps,1000,tabouSize,1,1.0401012,6432997
tai35a.dat,TabuSearch,MPermutation,maxSteps,100,tabouSize,2,1.0324603,619685
tai35a.dat,TabuSearch,MPermutation,maxSteps,1000,tabouSize,6,1.0181763,7280678
tai35a.dat,TabuSearch,MPermutation,maxSteps,100,tabouSize,1,1.0388353,642057
tai35a.dat,TabuSearch,MPermutation,maxSteps,1000,tabouSize,5,1.0149992,7194415
tai35a.dat,TabuSearch,MPermutation,maxSteps,10000,tabouSize,20,1.0123692,98982417
tai35a.dat,TabuSearch,MPermutation,maxSteps,1000,tabouSize,4,1.0238633,6983851
tai35a.dat,TabuSearch,MPermutation,maxSteps,1000,tabouSize,3,1.0261194,7008979
tai35a.dat,TabuSearch,MPermutation,maxSteps,10,tabouSize,90,1.0922493,63334
tai35a.dat,TabuSearch,MPermutation,maxSteps,10000,tabouSize,30,1.0117399,115316698
tai35a.dat,TabuSearch,MPermutation,maxSteps,10000,tabouSize,40,1.0121441,131073127
tai35a.dat,TabuSearch,MPermutation,maxSteps,100,tabouSize,100,1.0278121,982854
tai35a.dat,TabuSearch,MPermutation,maxSteps,10,tabouSize,80,1.0789384,66883
tai35a.dat,TabuSearch,MPermutation,maxSteps,10000,tabouSize,50,1.0126053,147787906
tai35a.dat,TabuSearch,MPermutation,maxSteps,10,tabouSize,70,1.0804483,52486
tai35a.dat,TabuSearch,MPermutation,maxSteps,1000,tabouSize,100,1.0213501,20556837
tai35a.dat,TabuSearch,MPermutation,maxSteps,10,tabouSize,60,1.0810531,53329
tai35a.dat,TabuSearch,MPermutation,maxSteps,1000,tabouSize,90,1.0232089,21013669
tai35a.dat,TabuSearch,MPermutation,maxSteps,100,tabouSize,90,1.024052,945642
tai35a.dat,TabuSearch,MPermutation,maxSteps,10000,tabouSize,60,1.0143286,165687333
tai35a.dat,TabuSearch,MPermutation,maxSteps,10,tabouSize,50,1.0873091,62070
tai35a.dat,TabuSearch,MPermutation,maxSteps,1000,tabouSize,80,1.0233315,18299673
tai35a.dat,TabuSearch,MPermutation,maxSteps,100,tabouSize,80,1.0294648,919352
tai35a.dat,TabuSearch,MPermutation,maxSteps,10000,tabouSize,70,1.0148848,179130778
tai35a.dat,TabuSearch,MPermutation,maxSteps,100,tabouSize,70,1.0330718,929424
tai35a.dat,TabuSearch,MPermutation,maxSteps,10000,tabouSize,80,1.0166354,197435488
tai35a.dat,TabuSearch,MPermutation,maxSteps,100,tabouSize,60,1.0273422,1028206
tai35a.dat,TabuSearch,MPermutation,maxSteps,10,tabouSize,40,1.0710082,54290
tai35a.dat,TabuSearch,MPermutation,maxSteps,1000,tabouSize,70,1.0196561,16811609
tai35a.dat,TabuSearch,MPermutation,maxSteps,10000,tabouSize,90,1.0154624,208901026
tai35a.dat,TabuSearch,MPermutation,maxSteps,10,tabouSize,30,1.0825053,56075
tai35a.dat,TabuSearch,MPermutation,maxSteps,1000,tabouSize,60,1.0171114,15944181
tai20a.dat,TabuSearch,MPermutation,maxSteps,10,tabouSize,20,1.0709826,7547
tai20a.dat,TabuSearch,MPermutation,maxSteps,1000,tabouSize,50,1.0201341,3056633
tai20a.dat,TabuSearch,MPermutation,maxSteps,100,tabouSize,50,1.0275942,174997
tai20a.dat,TabuSearch,MPermutation,maxSteps,10000,tabouSize,100,1.0219153,43096864
tai20a.dat,TabuSearch,MPermutation,maxSteps,10,tabouSize,10,1.0681126,7440
tai20a.dat,TabuSearch,MPermutation,maxSteps,1000,tabouSize,40,1.0209074,2510183
tai20a.dat,TabuSearch,MPermutation,maxSteps,10,tabouSize,9,1.0594628,7481
tai20a.dat,TabuSearch,MPermutation,maxSteps,100,tabouSize,40,1.022842,176138
tai20a.dat,TabuSearch,MPermutation,maxSteps,10,tabouSize,4,1.0583341,5586
tai20a.dat,TabuSearch,MPermutation,maxSteps,100,tabouSize,30,1.0313498,162677
tai20a.dat,TabuSearch,MPermutation,maxSteps,10,tabouSize,3,1.0629853,7496
tai20a.dat,TabuSearch,MPermutation,maxSteps,10,tabouSize,2,1.0717772,7495
tai20a.dat,TabuSearch,MPermutation,maxSteps,10,tabouSize,1,1.0689442,7482
tai20a.dat,TabuSearch,MPermutation,maxSteps,10,tabouSize,8,1.0663912,9584
tai20a.dat,TabuSearch,MPermutation,maxSteps,10,tabouSize,7,1.0423791,7471
tai20a.dat,TabuSearch,MPermutation,maxSteps,10,tabouSize,6,1.0645332,7582
tai20a.dat,TabuSearch,MPermutation,maxSteps,10,tabouSize,5,1.0519843,7566
tai20a.dat,TabuSearch,MPermutation,maxSteps,100,tabouSize,20,1.0235187,144344
tai20a.dat,TabuSearch,MPermutation,maxSteps,1000,tabouSize,30,1.0139976,2237421
tai20a.dat,TabuSearch,MPermutation,maxSteps,10000,tabouSize,1,1.0427332,7754327
tai20a.dat,TabuSearch,MPermutation,maxSteps,10000,tabouSize,2,1.038733,8356521
tai20a.dat,TabuSearch,MPermutation,maxSteps,10000,tabouSize,3,1.025914,8901644
tai20a.dat,TabuSearch,MPermutation,maxSteps,10000,tabouSize,4,1.0248208,9395658
tai20a.dat,TabuSearch,MPermutation,maxSteps,10000,tabouSize,5,1.0292673,10024005
tai20a.dat,TabuSearch,MPermutation,maxSteps,1000,tabouSize,20,1.0161326,1818770
tai20a.dat,TabuSearch,MPermutation,maxSteps,10000,tabouSize,6,1.0131617,10592006
tai20a.dat,TabuSearch,MPermutation,maxSteps,100,tabouSize,6,1.0246218,124173
tai20a.dat,TabuSearch,MPermutation,maxSteps,10000,tabouSize,7,1.0131218,11248835
tai20a.dat,TabuSearch,MPermutation,maxSteps,1000,tabouSize,10,1.0143543,1242782
tai20a.dat,TabuSearch,MPermutation,maxSteps,100,tabouSize,5,1.0286915,95703
tai20a.dat,TabuSearch,MPermutation,maxSteps,10000,tabouSize,8,1.0127964,11392499
tai20a.dat,TabuSearch,MPermutation,maxSteps,1000,tabouSize,9,1.016623,1234828
tai20a.dat,TabuSearch,MPermutation,maxSteps,100,tabouSize,4,1.0226914,88950
tai20a.dat,TabuSearch,MPermutation,maxSteps,1000,tabouSize,8,1.0118425,1162355
tai20a.dat,TabuSearch,MPermutation,maxSteps,10000,tabouSize,9,1.0120273,12115396
tai20a.dat,TabuSearch,MPermutation,maxSteps,100,tabouSize,3,1.028703,82701
tai20a.dat,TabuSearch,MPermutation,maxSteps,1000,tabouSize,7,1.0147054,1046341
tai20a.dat,TabuSearch,MPermutation,maxSteps,10000,tabouSize,10,1.0089754,12684452
tai20a.dat,TabuSearch,MPermutation,maxSteps,100,tabouSize,10,1.0312843,114163
tai20a.dat,TabuSearch,MPermutation,maxSteps,100,tabouSize,9,1.0181241,119234
tai20a.dat,TabuSearch,MPermutation,maxSteps,100,tabouSize,8,1.0296625,115290
tai20a.dat,TabuSearch,MPermutation,maxSteps,100,tabouSize,7,1.029516,103785
tai20a.dat,TabuSearch,MPermutation,maxSteps,1000,tabouSize,2,1.0264812,870791
tai20a.dat,TabuSearch,MPermutation,maxSteps,10,tabouSize,100,1.0491697,6190
tai20a.dat,TabuSearch,MPermutation,maxSteps,1000,tabouSize,1,1.0376399,736124
tai20a.dat,TabuSearch,MPermutation,maxSteps,100,tabouSize,2,1.0371907,69482
tai20a.dat,TabuSearch,MPermutation,maxSteps,1000,tabouSize,6,1.013763,1010092
tai20a.dat,TabuSearch,MPermutation,maxSteps,100,tabouSize,1,1.040247,73819
tai20a.dat,TabuSearch,MPermutation,maxSteps,1000,tabouSize,5,1.0104125,1010845
tai20a.dat,TabuSearch,MPermutation,maxSteps,10000,tabouSize,20,1.0037059,17432042
tai20a.dat,TabuSearch,MPermutation,maxSteps,1000,tabouSize,4,1.031364,914792
tai20a.dat,TabuSearch,MPermutation,maxSteps,1000,tabouSize,3,1.0250852,887786
tai20a.dat,TabuSearch,MPermutation,maxSteps,10,tabouSize,90,1.0693166,6058
tai20a.dat,TabuSearch,MPermutation,maxSteps,10000,tabouSize,30,1.0100827,22856759
tai20a.dat,TabuSearch,MPermutation,maxSteps,10000,tabouSize,40,1.0090421,26616507
tai20a.dat,TabuSearch,MPermutation,maxSteps,100,tabouSize,100,1.0244981,162633
tai20a.dat,TabuSearch,MPermutation,maxSteps,10,tabouSize,80,1.0667096,5830
tai20a.dat,TabuSearch,MPermutation,maxSteps,10000,tabouSize,50,1.0105247,30662833
tai20a.dat,TabuSearch,MPermutation,maxSteps,10,tabouSize,70,1.0674957,7091
tai20a.dat,TabuSearch,MPermutation,maxSteps,1000,tabouSize,100,1.0256354,4020165
tai20a.dat,TabuSearch,MPermutation,maxSteps,10,tabouSize,60,1.0613989,7499
tai20a.dat,TabuSearch,MPermutation,maxSteps,1000,tabouSize,90,1.0236708,4005610
tai20a.dat,TabuSearch,MPermutation,maxSteps,100,tabouSize,90,1.0308565,181779
tai20a.dat,TabuSearch,MPermutation,maxSteps,10000,tabouSize,60,1.0116776,34780292
tai20a.dat,TabuSearch,MPermutation,maxSteps,10,tabouSize,50,1.0672668,8080
tai20a.dat,TabuSearch,MPermutation,maxSteps,1000,tabouSize,80,1.0318004,3773700
tai20a.dat,TabuSearch,MPermutation,maxSteps,100,tabouSize,80,1.0276169,192620
tai20a.dat,TabuSearch,MPermutation,maxSteps,10000,tabouSize,70,1.0119519,37241039
tai20a.dat,TabuSearch,MPermutation,maxSteps,100,tabouSize,70,1.027499,196105
tai20a.dat,TabuSearch,MPermutation,maxSteps,10000,tabouSize,80,1.015618,39751378
tai20a.dat,TabuSearch,MPermutation,maxSteps,100,tabouSize,60,1.0250384,200639
tai20a.dat,TabuSearch,MPermutation,maxSteps,10,tabouSize,40,1.0641879,7779
tai20a.dat,TabuSearch,MPermutation,maxSteps,1000,tabouSize,70,1.028285,3702222
tai20a.dat,TabuSearch,MPermutation,maxSteps,10000,tabouSize,90,1.0174916,43124565
tai20a.dat,TabuSearch,MPermutation,maxSteps,10,tabouSize,30,1.0624608,7689
tai20a.dat,TabuSearch,MPermutation,maxSteps,1000,tabouSize,60,1.0146073,3317728
tai30a.dat,TabuSearch,MPermutation,maxSteps,10,tabouSize,20,1.0713204,36477
tai30a.dat,TabuSearch,MPermutation,maxSteps,1000,tabouSize,50,1.0253857,8973405
tai30a.dat,TabuSearch,MPermutation,maxSteps,100,tabouSize,50,1.0295972,554045
tai30a.dat,TabuSearch,MPermutation,maxSteps,10000,tabouSize,100,1.0157336,143841346
tai30a.dat,TabuSearch,MPermutation,maxSteps,10,tabouSize,10,1.0708551,28292
tai30a.dat,TabuSearch,MPermutation,maxSteps,1000,tabouSize,40,1.0237682,8042125
tai30a.dat,TabuSearch,MPermutation,maxSteps,10,tabouSize,9,1.0743383,37062
tai30a.dat,TabuSearch,MPermutation,maxSteps,100,tabouSize,40,1.0315404,587779
tai30a.dat,TabuSearch,MPermutation,maxSteps,10,tabouSize,4,1.0759091,34382
tai30a.dat,TabuSearch,MPermutation,maxSteps,100,tabouSize,30,1.0276722,567099
tai30a.dat,TabuSearch,MPermutation,maxSteps,10,tabouSize,3,1.0704437,34067
tai30a.dat,TabuSearch,MPermutation,maxSteps,10,tabouSize,2,1.0769212,38183
tai30a.dat,TabuSearch,MPermutation,maxSteps,10,tabouSize,1,1.0780327,29922
tai30a.dat,TabuSearch,MPermutation,maxSteps,10,tabouSize,8,1.071447,35970
tai30a.dat,TabuSearch,MPermutation,maxSteps,10,tabouSize,7,1.0748372,36876
tai30a.dat,TabuSearch,MPermutation,maxSteps,10,tabouSize,6,1.0771241,35259
tai30a.dat,TabuSearch,MPermutation,maxSteps,10,tabouSize,5,1.0786752,36110
tai30a.dat,TabuSearch,MPermutation,maxSteps,100,tabouSize,20,1.035028,511164
tai30a.dat,TabuSearch,MPermutation,maxSteps,1000,tabouSize,30,1.0195342,7174443
tai30a.dat,TabuSearch,MPermutation,maxSteps,10000,tabouSize,1,1.0364113,32940189
tai30a.dat,TabuSearch,MPermutation,maxSteps,10000,tabouSize,2,1.0334412,35992180
tai30a.dat,TabuSearch,MPermutation,maxSteps,10000,tabouSize,3,1.0268152,37294486
tai30a.dat,TabuSearch,MPermutation,maxSteps,10000,tabouSize,4,1.023882,38588135
tai30a.dat,TabuSearch,MPermutation,maxSteps,10000,tabouSize,5,1.0206287,39582986
tai30a.dat,TabuSearch,MPermutation,maxSteps,1000,tabouSize,20,1.0163876,5728134
tai30a.dat,TabuSearch,MPermutation,maxSteps,10000,tabouSize,6,1.0161147,41006466
tai30a.dat,TabuSearch,MPermutation,maxSteps,100,tabouSize,6,1.0290372,389493
tai30a.dat,TabuSearch,MPermutation,maxSteps,10000,tabouSize,7,1.0182856,42151368
tai30a.dat,TabuSearch,MPermutation,maxSteps,1000,tabouSize,10,1.0106977,4566619
tai30a.dat,TabuSearch,MPermutation,maxSteps,100,tabouSize,5,1.0277216,389737
tai30a.dat,TabuSearch,MPermutation,maxSteps,10000,tabouSize,8,1.0161214,43801077
tai30a.dat,TabuSearch,MPermutation,maxSteps,1000,tabouSize,9,1.0197889,4468691
tai30a.dat,TabuSearch,MPermutation,maxSteps,100,tabouSize,4,1.0278746,361319
tai30a.dat,TabuSearch,MPermutation,maxSteps,1000,tabouSize,8,1.012658,4243030
tai30a.dat,TabuSearch,MPermutation,maxSteps,10000,tabouSize,9,1.012003,44653116
tai30a.dat,TabuSearch,MPermutation,maxSteps,100,tabouSize,3,1.0268065,348415
tai30a.dat,TabuSearch,MPermutation,maxSteps,1000,tabouSize,7,1.0170465,4325889
tai30a.dat,TabuSearch,MPermutation,maxSteps,10000,tabouSize,10,1.0092402,46021064
tai30a.dat,TabuSearch,MPermutation,maxSteps,100,tabouSize,10,1.0237368,441222
tai30a.dat,TabuSearch,MPermutation,maxSteps,100,tabouSize,9,1.0248203,400658
tai30a.dat,TabuSearch,MPermutation,maxSteps,100,tabouSize,8,1.0259947,396265
tai30a.dat,TabuSearch,MPermutation,maxSteps,100,tabouSize,7,1.0303292,386741
tai30a.dat,TabuSearch,MPermutation,maxSteps,1000,tabouSize,2,1.0236824,3629640
tai30a.dat,TabuSearch,MPermutation,maxSteps,10,tabouSize,100,1.0759004,33928
tai30a.dat,TabuSearch,MPermutation,maxSteps,1000,tabouSize,1,1.0418531,3549040
tai30a.dat,TabuSearch,MPermutation,maxSteps,100,tabouSize,2,1.0340853,362613
tai30a.dat,TabuSearch,MPermutation,maxSteps,1000,tabouSize,6,1.0219966,4172268
tai30a.dat,TabuSearch,MPermutation,maxSteps,100,tabouSize,1,1.0381922,336317
tai30a.dat,TabuSearch,MPermutation,maxSteps,1000,tabouSize,5,1.0214872,3926736
tai30a.dat,TabuSearch,MPermutation,maxSteps,10000,tabouSize,20,1.0114859,58350531
tai30a.dat,TabuSearch,MPermutation,maxSteps,1000,tabouSize,4,1.0227386,3804746
tai30a.dat,TabuSearch,MPermutation,maxSteps,1000,tabouSize,3,1.0232253,3669493
tai30a.dat,TabuSearch,MPermutation,maxSteps,10,tabouSize,90,1.0751799,32960
tai30a.dat,TabuSearch,MPermutation,maxSteps,10000,tabouSize,30,1.0072134,71704883
tai30a.dat,TabuSearch,MPermutation,maxSteps,10000,tabouSize,40,1.0119721,82271964
tai30a.dat,TabuSearch,MPermutation,maxSteps,100,tabouSize,100,1.0289063,547206
tai30a.dat,TabuSearch,MPermutation,maxSteps,10,tabouSize,80,1.0807779,31891
tai30a.dat,TabuSearch,MPermutation,maxSteps,10000,tabouSize,50,1.0112686,94824247
tai30a.dat,TabuSearch,MPermutation,maxSteps,10,tabouSize,70,1.0729061,35004
tai30a.dat,TabuSearch,MPermutation,maxSteps,1000,tabouSize,100,1.0220604,12994797
tai30a.dat,TabuSearch,MPermutation,maxSteps,10,tabouSize,60,1.0745798,34403
tai30a.dat,TabuSearch,MPermutation,maxSteps,1000,tabouSize,90,1.0226868,12646460
tai30a.dat,TabuSearch,MPermutation,maxSteps,100,tabouSize,90,1.0289757,573340
tai30a.dat,TabuSearch,MPermutation,maxSteps,10000,tabouSize,60,1.015116,107954465
tai30a.dat,TabuSearch,MPermutation,maxSteps,10,tabouSize,50,1.0753955,33879
tai30a.dat,TabuSearch,MPermutation,maxSteps,1000,tabouSize,80,1.0212469,12010616
tai30a.dat,TabuSearch,MPermutation,maxSteps,100,tabouSize,80,1.0235195,546608
tai30a.dat,TabuSearch,MPermutation,maxSteps,10000,tabouSize,70,1.0148987,118227623
tai30a.dat,TabuSearch,MPermutation,maxSteps,100,tabouSize,70,1.0267707,567192
tai30a.dat,TabuSearch,MPermutation,maxSteps,10000,tabouSize,80,1.0152942,126445135
tai30a.dat,TabuSearch,MPermutation,maxSteps,100,tabouSize,60,1.0357655,594479
tai30a.dat,TabuSearch,MPermutation,maxSteps,10,tabouSize,40,1.0804149,31205
tai30a.dat,TabuSearch,MPermutation,maxSteps,1000,tabouSize,70,1.0229284,11213107
tai30a.dat,TabuSearch,MPermutation,maxSteps,10000,tabouSize,90,1.0141689,136554513
tai30a.dat,TabuSearch,MPermutation,maxSteps,10,tabouSize,30,1.0676068,27887
tai30a.dat,TabuSearch,MPermutation,maxSteps,1000,tabouSize,60,1.0198411,10349809
tai17a.dat,TabuSearch,MPermutation,maxSteps,10,tabouSize,20,1.0678856,3997
tai17a.dat,TabuSearch,MPermutation,maxSteps,1000,tabouSize,50,1.0201946,1931357
tai17a.dat,TabuSearch,MPermutation,maxSteps,100,tabouSize,50,1.0236431,122728
tai17a.dat,TabuSearch,MPermutation,maxSteps,10000,tabouSize,100,1.0319186,22142139
tai17a.dat,TabuSearch,MPermutation,maxSteps,10,tabouSize,10,1.0662204,3354
tai17a.dat,TabuSearch,MPermutation,maxSteps,1000,tabouSize,40,1.0148757,1629020
tai17a.dat,TabuSearch,MPermutation,maxSteps,10,tabouSize,9,1.0495331,4258
tai17a.dat,TabuSearch,MPermutation,maxSteps,100,tabouSize,40,1.0300785,128785
tai17a.dat,TabuSearch,MPermutation,maxSteps,10,tabouSize,4,1.0644007,4348
tai17a.dat,TabuSearch,MPermutation,maxSteps,100,tabouSize,30,1.0237794,104591
tai17a.dat,TabuSearch,MPermutation,maxSteps,10,tabouSize,3,1.0589087,3948
tai17a.dat,TabuSearch,MPermutation,maxSteps,10,tabouSize,2,1.0527133,3857
tai17a.dat,TabuSearch,MPermutation,maxSteps,10,tabouSize,1,1.0609664,3924
tai17a.dat,TabuSearch,MPermutation,maxSteps,10,tabouSize,8,1.0663363,3952
tai17a.dat,TabuSearch,MPermutation,maxSteps,10,tabouSize,7,1.0547974,3893
tai17a.dat,TabuSearch,MPermutation,maxSteps,10,tabouSize,6,1.0556839,3869
tai17a.dat,TabuSearch,MPermutation,maxSteps,10,tabouSize,5,1.0696567,3910
tai17a.dat,TabuSearch,MPermutation,maxSteps,100,tabouSize,20,1.0315588,89204
tai17a.dat,TabuSearch,MPermutation,maxSteps,1000,tabouSize,30,1.0107114,1356847
tai17a.dat,TabuSearch,MPermutation,maxSteps,10000,tabouSize,1,1.0443828,4107651
tai17a.dat,TabuSearch,MPermutation,maxSteps,10000,tabouSize,2,1.0252515,4626454
tai17a.dat,TabuSearch,MPermutation,maxSteps,10000,tabouSize,3,1.0293344,4749745
tai17a.dat,TabuSearch,MPermutation,maxSteps,10000,tabouSize,4,1.0204387,5513542
tai17a.dat,TabuSearch,MPermutation,maxSteps,10000,tabouSize,5,1.0157032,5810187
tai17a.dat,TabuSearch,MPermutation,maxSteps,1000,tabouSize,20,1.016122,1095475
tai17a.dat,TabuSearch,MPermutation,maxSteps,10000,tabouSize,6,1.0105853,6075413
tai17a.dat,TabuSearch,MPermutation,maxSteps,100,tabouSize,6,1.0225717,55056
tai17a.dat,TabuSearch,MPermutation,maxSteps,10000,tabouSize,7,1.0166507,6733712
tai17a.dat,TabuSearch,MPermutation,maxSteps,1000,tabouSize,10,1.0167767,776108
tai17a.dat,TabuSearch,MPermutation,maxSteps,100,tabouSize,5,1.0294238,60156
tai17a.dat,TabuSearch,MPermutation,maxSteps,10000,tabouSize,8,1.010134,7170382
tai17a.dat,TabuSearch,MPermutation,maxSteps,1000,tabouSize,9,1.0158414,732154
tai17a.dat,TabuSearch,MPermutation,maxSteps,100,tabouSize,4,1.0220145,54011
tai17a.dat,TabuSearch,MPermutation,maxSteps,1000,tabouSize,8,1.0130091,699355
tai17a.dat,TabuSearch,MPermutation,maxSteps,10000,tabouSize,9,1.004034,7362561
tai17a.dat,TabuSearch,MPermutation,maxSteps,100,tabouSize,3,1.0309143,52946
tai17a.dat,TabuSearch,MPermutation,maxSteps,1000,tabouSize,7,1.0162663,688371
tai17a.dat,TabuSearch,MPermutation,maxSteps,10000,tabouSize,10,1.00623,7955911
tai17a.dat,TabuSearch,MPermutation,maxSteps,100,tabouSize,10,1.026626,68461
tai17a.dat,TabuSearch,MPermutation,maxSteps,100,tabouSize,9,1.025099,64381
tai17a.dat,TabuSearch,MPermutation,maxSteps,100,tabouSize,8,1.0222951,60125
tai17a.dat,TabuSearch,MPermutation,maxSteps,100,tabouSize,7,1.0161626,59235
tai17a.dat,TabuSearch,MPermutation,maxSteps,1000,tabouSize,2,1.0323355,442588
tai17a.dat,TabuSearch,MPermutation,maxSteps,10,tabouSize,100,1.0503384,3930
tai17a.dat,TabuSearch,MPermutation,maxSteps,1000,tabouSize,1,1.038775,398860
tai17a.dat,TabuSearch,MPermutation,maxSteps,100,tabouSize,2,1.0419327,45713
tai17a.dat,TabuSearch,MPermutation,maxSteps,1000,tabouSize,6,1.0127143,587748
tai17a.dat,TabuSearch,MPermutation,maxSteps,100,tabouSize,1,1.0512066,36015
tai17a.dat,TabuSearch,MPermutation,maxSteps,1000,tabouSize,5,1.0151399,584949
tai17a.dat,TabuSearch,MPermutation,maxSteps,10000,tabouSize,20,1.0053719,11591631
tai17a.dat,TabuSearch,MPermutation,maxSteps,1000,tabouSize,4,1.0257944,514297
tai17a.dat,TabuSearch,MPermutation,maxSteps,1000,tabouSize,3,1.0316137,504697
tai17a.dat,TabuSearch,MPermutation,maxSteps,10,tabouSize,90,1.0547262,3090
tai17a.dat,TabuSearch,MPermutation,maxSteps,10000,tabouSize,30,1.0060205,14252624
tai17a.dat,TabuSearch,MPermutation,maxSteps,10000,tabouSize,40,1.0093857,17168423
tai17a.dat,TabuSearch,MPermutation,maxSteps,100,tabouSize,100,1.0286044,126803
tai17a.dat,TabuSearch,MPermutation,maxSteps,10,tabouSize,80,1.063874,4153
tai17a.dat,TabuSearch,MPermutation,maxSteps,10000,tabouSize,50,1.0062706,19395702
tai17a.dat,TabuSearch,MPermutation,maxSteps,10,tabouSize,70,1.0468289,3277
tai17a.dat,TabuSearch,MPermutation,maxSteps,1000,tabouSize,100,1.0243914,2131835
tai17a.dat,TabuSearch,MPermutation,maxSteps,10,tabouSize,60,1.050257,3578
tai17a.dat,TabuSearch,MPermutation,maxSteps,1000,tabouSize,90,1.030162,2114183
tai17a.dat,TabuSearch,MPermutation,maxSteps,100,tabouSize,90,1.0279619,124794
tai17a.dat,TabuSearch,MPermutation,maxSteps,10000,tabouSize,60,1.017161,21080976
tai17a.dat,TabuSearch,MPermutation,maxSteps,10,tabouSize,50,1.0473576,4131
tai17a.dat,TabuSearch,MPermutation,maxSteps,1000,tabouSize,80,1.0336388,2214737
tai17a.dat,TabuSearch,MPermutation,maxSteps,100,tabouSize,80,1.0306662,130611
tai17a.dat,TabuSearch,MPermutation,maxSteps,10000,tabouSize,70,1.0147434,22220804
tai17a.dat,TabuSearch,MPermutation,maxSteps,100,tabouSize,70,1.0332708,113903
tai17a.dat,TabuSearch,MPermutation,maxSteps,10000,tabouSize,80,1.0199467,22595517
tai17a.dat,TabuSearch,MPermutation,maxSteps,100,tabouSize,60,1.0249425,127974
tai17a.dat,TabuSearch,MPermutation,maxSteps,10,tabouSize,40,1.0607,4133
tai17a.dat,TabuSearch,MPermutation,maxSteps,1000,tabouSize,70,1.0243691,2101897
tai17a.dat,TabuSearch,MPermutation,maxSteps,10000,tabouSize,90,1.0216322,22591715
tai17a.dat,TabuSearch,MPermutation,maxSteps,10,tabouSize,30,1.0599884,3500
tai17a.dat,TabuSearch,MPermutation,maxSteps,1000,tabouSize,60,1.0246314,1907728
tai50a.dat,TabuSearch,MPermutation,maxSteps,10,tabouSize,20,1.1093744,239856
tai50a.dat,TabuSearch,MPermutation,maxSteps,1000,tabouSize,50,1.0214759,41906513
tai50a.dat,TabuSearch,MPermutation,maxSteps,100,tabouSize,50,1.033754,2981256
tai50a.dat,TabuSearch,MPermutation,maxSteps,10000,tabouSize,100,1.0193503,607222466
tai50a.dat,TabuSearch,MPermutation,maxSteps,10,tabouSize,10,1.0937953,250974
tai50a.dat,TabuSearch,MPermutation,maxSteps,1000,tabouSize,40,1.0222929,39194527
tai50a.dat,TabuSearch,MPermutation,maxSteps,10,tabouSize,9,1.1014446,271788
tai50a.dat,TabuSearch,MPermutation,maxSteps,100,tabouSize,40,1.0304857,2955051
tai50a.dat,TabuSearch,MPermutation,maxSteps,10,tabouSize,4,1.0961467,251616
tai50a.dat,TabuSearch,MPermutation,maxSteps,100,tabouSize,30,1.0346773,2873350
tai50a.dat,TabuSearch,MPermutation,maxSteps,10,tabouSize,3,1.0987593,233007
tai50a.dat,TabuSearch,MPermutation,maxSteps,10,tabouSize,2,1.1013379,248850
tai50a.dat,TabuSearch,MPermutation,maxSteps,10,tabouSize,1,1.0990454,244800
tai50a.dat,TabuSearch,MPermutation,maxSteps,10,tabouSize,8,1.0949037,244595
tai50a.dat,TabuSearch,MPermutation,maxSteps,10,tabouSize,7,1.0977448,245923
tai50a.dat,TabuSearch,MPermutation,maxSteps,10,tabouSize,6,1.0963826,235428
tai50a.dat,TabuSearch,MPermutation,maxSteps,10,tabouSize,5,1.0936469,246245
tai50a.dat,TabuSearch,MPermutation,maxSteps,100,tabouSize,20,1.027934,2935022
tai50a.dat,TabuSearch,MPermutation,maxSteps,1000,tabouSize,30,1.0214632,35906830
tai50a.dat,TabuSearch,MPermutation,maxSteps,10000,tabouSize,1,1.0387908,256533732
tai50a.dat,TabuSearch,MPermutation,maxSteps,10000,tabouSize,2,1.0369939,261274405
tai50a.dat,TabuSearch,MPermutation,maxSteps,10000,tabouSize,3,1.0326316,264983820
tai50a.dat,TabuSearch,MPermutation,maxSteps,10000,tabouSize,4,1.0270015,273528079
tai50a.dat,TabuSearch,MPermutation,maxSteps,10000,tabouSize,5,1.0257318,274162124
tai50a.dat,TabuSearch,MPermutation,maxSteps,1000,tabouSize,20,1.0211825,32868503
tai50a.dat,TabuSearch,MPermutation,maxSteps,10000,tabouSize,6,1.0185335,277190773
tai50a.dat,TabuSearch,MPermutation,maxSteps,100,tabouSize,6,1.0286655,2567132
tai50a.dat,TabuSearch,MPermutation,maxSteps,10000,tabouSize,7,1.0201545,279087587
tai50a.dat,TabuSearch,MPermutation,maxSteps,1000,tabouSize,10,1.0220139,28894392
tai50a.dat,TabuSearch,MPermutation,maxSteps,100,tabouSize,5,1.0332806,2794635
tai50a.dat,TabuSearch,MPermutation,maxSteps,10000,tabouSize,8,1.0158672,282554803
tai50a.dat,TabuSearch,MPermutation,maxSteps,1000,tabouSize,9,1.0195564,29253829
tai50a.dat,TabuSearch,MPermutation,maxSteps,100,tabouSize,4,1.0318841,2688855
tai50a.dat,TabuSearch,MPermutation,maxSteps,1000,tabouSize,8,1.0232676,28241865
tai50a.dat,TabuSearch,MPermutation,maxSteps,10000,tabouSize,9,1.0162232,286132183
tai50a.dat,TabuSearch,MPermutation,maxSteps,100,tabouSize,3,1.0315675,2638854
tai50a.dat,TabuSearch,MPermutation,maxSteps,1000,tabouSize,7,1.0218232,28198980
tai50a.dat,TabuSearch,MPermutation,maxSteps,10000,tabouSize,10,1.0166276,289266452
tai50a.dat,TabuSearch,MPermutation,maxSteps,100,tabouSize,10,1.0376177,2831220
tai50a.dat,TabuSearch,MPermutation,maxSteps,100,tabouSize,9,1.0303926,2844644
tai50a.dat,TabuSearch,MPermutation,maxSteps,100,tabouSize,8,1.035291,2777946
tai50a.dat,TabuSearch,MPermutation,maxSteps,100,tabouSize,7,1.0339216,2844549
tai50a.dat,TabuSearch,MPermutation,maxSteps,1000,tabouSize,2,1.0331578,25654632
tai50a.dat,TabuSearch,MPermutation,maxSteps,10,tabouSize,100,1.1016371,263377
tai50a.dat,TabuSearch,MPermutation,maxSteps,1000,tabouSize,1,1.0371791,25960601
tai50a.dat,TabuSearch,MPermutation,maxSteps,100,tabouSize,2,1.0334554,2602629
tai50a.dat,TabuSearch,MPermutation,maxSteps,1000,tabouSize,6,1.0191907,27351284
tai50a.dat,TabuSearch,MPermutation,maxSteps,100,tabouSize,1,1.0420287,2562360
tai50a.dat,TabuSearch,MPermutation,maxSteps,1000,tabouSize,5,1.0215127,27321781
tai50a.dat,TabuSearch,MPermutation,maxSteps,10000,tabouSize,20,1.0149156,326157574
tai50a.dat,TabuSearch,MPermutation,maxSteps,1000,tabouSize,4,1.0285738,27868504
tai50a.dat,TabuSearch,MPermutation,maxSteps,1000,tabouSize,3,1.0321027,26793667
tai50a.dat,TabuSearch,MPermutation,maxSteps,10,tabouSize,90,1.1027577,251474
tai50a.dat,TabuSearch,MPermutation,maxSteps,10000,tabouSize,30,1.01711,361522292
tai50a.dat,TabuSearch,MPermutation,maxSteps,10000,tabouSize,40,1.0191611,405739861
tai50a.dat,TabuSearch,MPermutation,maxSteps,100,tabouSize,100,1.0287286,3063629
tai50a.dat,TabuSearch,MPermutation,maxSteps,10,tabouSize,80,1.1004328,246490
tai50a.dat,TabuSearch,MPermutation,maxSteps,10000,tabouSize,50,1.0178955,430813841
tai50a.dat,TabuSearch,MPermutation,maxSteps,10,tabouSize,70,1.1000632,358771
tai50a.dat,TabuSearch,MPermutation,maxSteps,1000,tabouSize,100,1.0245252,56332407
tai50a.dat,TabuSearch,MPermutation,maxSteps,10,tabouSize,60,1.097165,256115
tai50a.dat,TabuSearch,MPermutation,maxSteps,1000,tabouSize,90,1.0255979,51848390
tai50a.dat,TabuSearch,MPermutation,maxSteps,100,tabouSize,90,1.0357407,2931145
tai50a.dat,TabuSearch,MPermutation,maxSteps,10000,tabouSize,60,1.0178059,462927316
tai50a.dat,TabuSearch,MPermutation,maxSteps,10,tabouSize,50,1.1016272,245139
tai50a.dat,TabuSearch,MPermutation,maxSteps,1000,tabouSize,80,1.0241065,50036314
tai50a.dat,TabuSearch,MPermutation,maxSteps,100,tabouSize,80,1.0312907,3050614
tai50a.dat,TabuSearch,MPermutation,maxSteps,10000,tabouSize,70,1.0190367,496163112
tai50a.dat,TabuSearch,MPermutation,maxSteps,100,tabouSize,70,1.0330195,2767334
tai50a.dat,TabuSearch,MPermutation,maxSteps,10000,tabouSize,80,1.0212296,529646759
tai50a.dat,TabuSearch,MPermutation,maxSteps,100,tabouSize,60,1.0355133,2967265
tai50a.dat,TabuSearch,MPermutation,maxSteps,10,tabouSize,40,1.1053866,264282
tai50a.dat,TabuSearch,MPermutation,maxSteps,1000,tabouSize,70,1.0252974,47627918
tai50a.dat,TabuSearch,MPermutation,maxSteps,10000,tabouSize,90,1.0199717,565829271
tai50a.dat,TabuSearch,MPermutation,maxSteps,10,tabouSize,30,1.1022441,247242
tai50a.dat,TabuSearch,MPermutation,maxSteps,1000,tabouSize,60,1.0217253,44774744
tai80a.dat,TabuSearch,MPermutation,maxSteps,10,tabouSize,20,1.1026125,1655578
tai80a.dat,TabuSearch,MPermutation,maxSteps,1000,tabouSize,50,1.0222242,203390225
tai80a.dat,TabuSearch,MPermutation,maxSteps,100,tabouSize,50,1.0309501,16575856
tai80a.dat,TabuSearch,MPermutation,maxSteps,10000,tabouSize,100,1.0183635,2574105126
tai80a.dat,TabuSearch,MPermutation,maxSteps,10,tabouSize,10,1.104302,1605715
tai80a.dat,TabuSearch,MPermutation,maxSteps,1000,tabouSize,40,1.0210575,192874095
tai80a.dat,TabuSearch,MPermutation,maxSteps,10,tabouSize,9,1.1000376,1590322
tai80a.dat,TabuSearch,MPermutation,maxSteps,100,tabouSize,40,1.0323638,16518522
tai80a.dat,TabuSearch,MPermutation,maxSteps,10,tabouSize,4,1.1025888,1583555
tai80a.dat,TabuSearch,MPermutation,maxSteps,100,tabouSize,30,1.0325499,16176386
tai80a.dat,TabuSearch,MPermutation,maxSteps,10,tabouSize,3,1.0995983,1558645
tai80a.dat,TabuSearch,MPermutation,maxSteps,10,tabouSize,2,1.1037616,1609782
tai80a.dat,TabuSearch,MPermutation,maxSteps,10,tabouSize,1,1.1021122,1548365
tai80a.dat,TabuSearch,MPermutation,maxSteps,10,tabouSize,8,1.1011237,1768740
tai80a.dat,TabuSearch,MPermutation,maxSteps,10,tabouSize,7,1.1013201,1597682
tai80a.dat,TabuSearch,MPermutation,maxSteps,10,tabouSize,6,1.1003793,1542139
tai80a.dat,TabuSearch,MPermutation,maxSteps,10,tabouSize,5,1.102839,1568467
tai80a.dat,TabuSearch,MPermutation,maxSteps,100,tabouSize,20,1.0313092,16455899
tai80a.dat,TabuSearch,MPermutation,maxSteps,1000,tabouSize,30,1.0204564,185713754
tai80a.dat,TabuSearch,MPermutation,maxSteps,10000,tabouSize,1,1.0340921,1634892918
tai80a.dat,TabuSearch,MPermutation,maxSteps,10000,tabouSize,2,1.032282,1652089952
tai80a.dat,TabuSearch,MPermutation,maxSteps,10000,tabouSize,3,1.0269846,1657028866
tai80a.dat,TabuSearch,MPermutation,maxSteps,10000,tabouSize,4,1.0214145,1664296363
tai80a.dat,TabuSearch,MPermutation,maxSteps,10000,tabouSize,5,1.0197885,1722409673
tai80a.dat,TabuSearch,MPermutation,maxSteps,1000,tabouSize,20,1.0213412,180391079
tai80a.dat,TabuSearch,MPermutation,maxSteps,10000,tabouSize,6,1.0185124,1703279904
tai80a.dat,TabuSearch,MPermutation,maxSteps,100,tabouSize,6,1.0306565,17094854
tai80a.dat,TabuSearch,MPermutation,maxSteps,10000,tabouSize,7,1.0173367,1737385219
tai80a.dat,TabuSearch,MPermutation,maxSteps,1000,tabouSize,10,1.0188413,172262999
tai80a.dat,TabuSearch,MPermutation,maxSteps,100,tabouSize,5,1.0328699,16181398
tai80a.dat,TabuSearch,MPermutation,maxSteps,10000,tabouSize,8,1.0129339,1747403266
tai80a.dat,TabuSearch,MPermutation,maxSteps,1000,tabouSize,9,1.0188621,171538506
tai80a.dat,TabuSearch,MPermutation,maxSteps,100,tabouSize,4,1.0312723,16605065
tai80a.dat,TabuSearch,MPermutation,maxSteps,1000,tabouSize,8,1.0197256,170682450
tai80a.dat,TabuSearch,MPermutation,maxSteps,10000,tabouSize,9,1.0152416,1793688587
tai80a.dat,TabuSearch,MPermutation,maxSteps,100,tabouSize,3,1.0320064,16500030
tai80a.dat,TabuSearch,MPermutation,maxSteps,1000,tabouSize,7,1.0174942,169686513
tai80a.dat,TabuSearch,MPermutation,maxSteps,10000,tabouSize,10,1.0129851,1862767550
tai80a.dat,TabuSearch,MPermutation,maxSteps,100,tabouSize,10,1.0329081,16849015
tai80a.dat,TabuSearch,MPermutation,maxSteps,100,tabouSize,9,1.0324962,16882791
tai80a.dat,TabuSearch,MPermutation,maxSteps,100,tabouSize,8,1.033456,16499982
tai80a.dat,TabuSearch,MPermutation,maxSteps,100,tabouSize,7,1.0317196,16720955
tai80a.dat,TabuSearch,MPermutation,maxSteps,1000,tabouSize,2,1.026528,176914977
tai80a.dat,TabuSearch,MPermutation,maxSteps,10,tabouSize,100,1.1019709,1678902
tai80a.dat,TabuSearch,MPermutation,maxSteps,1000,tabouSize,1,1.0361491,173642031
tai80a.dat,TabuSearch,MPermutation,maxSteps,100,tabouSize,2,1.0335507,16517390
tai80a.dat,TabuSearch,MPermutation,maxSteps,1000,tabouSize,6,1.0189792,187241788
tai80a.dat,TabuSearch,MPermutation,maxSteps,100,tabouSize,1,1.0385739,19173155
tai80a.dat,TabuSearch,MPermutation,maxSteps,1000,tabouSize,5,1.0190017,191689474
tai80a.dat,TabuSearch,MPermutation,maxSteps,10000,tabouSize,20,1.0154858,1962320929
tai80a.dat,TabuSearch,MPermutation,maxSteps,1000,tabouSize,4,1.023873,184680420
tai80a.dat,TabuSearch,MPermutation,maxSteps,1000,tabouSize,3,1.025902,185622279
tai80a.dat,TabuSearch,MPermutation,maxSteps,10,tabouSize,90,1.1026225,1768320
tai80a.dat,TabuSearch,MPermutation,maxSteps,10000,tabouSize,30,1.0153435,2069694451
tai80a.dat,TabuSearch,MPermutation,maxSteps,10000,tabouSize,40,1.017043,2202011608
tai80a.dat,TabuSearch,MPermutation,maxSteps,100,tabouSize,100,1.035168,18004767
tai80a.dat,TabuSearch,MPermutation,maxSteps,10,tabouSize,80,1.1023616,1744568
tai80a.dat,TabuSearch,MPermutation,maxSteps,10000,tabouSize,50,1.0167482,2257015038
tai80a.dat,TabuSearch,MPermutation,maxSteps,10,tabouSize,70,1.1049571,1633117
tai80a.dat,TabuSearch,MPermutation,maxSteps,1000,tabouSize,100,1.0216935,264825914
tai80a.dat,TabuSearch,MPermutation,maxSteps,10,tabouSize,60,1.1053729,1738284
tai80a.dat,TabuSearch,MPermutation,maxSteps,1000,tabouSize,90,1.0227022,259850551
tai80a.dat,TabuSearch,MPermutation,maxSteps,100,tabouSize,90,1.0316962,17670432
tai80a.dat,TabuSearch,MPermutation,maxSteps,10000,tabouSize,60,1.017966,2314659341
tai80a.dat,TabuSearch,MPermutation,maxSteps,10,tabouSize,50,1.0992138,1798850
tai80a.dat,TabuSearch,MPermutation,maxSteps,1000,tabouSize,80,1.0226065,249786490
tai80a.dat,TabuSearch,MPermutation,maxSteps,100,tabouSize,80,1.0341414,19690756
tai80a.dat,TabuSearch,MPermutation,maxSteps,10000,tabouSize,70,1.0187258,2388125128
tai80a.dat,TabuSearch,MPermutation,maxSteps,100,tabouSize,70,1.0339901,18889946
tai80a.dat,TabuSearch,MPermutation,maxSteps,10000,tabouSize,80,1.0185299,2484034214
tai80a.dat,TabuSearch,MPermutation,maxSteps,100,tabouSize,60,1.0315695,17560257
tai80a.dat,TabuSearch,MPermutation,maxSteps,10,tabouSize,40,1.1014565,1574875
tai80a.dat,TabuSearch,MPermutation,maxSteps,1000,tabouSize,70,1.0220612,238877699
tai80a.dat,TabuSearch,MPermutation,maxSteps,10000,tabouSize,90,1.0200769,2529378532
tai80a.dat,TabuSearch,MPermutation,maxSteps,10,tabouSize,30,1.101774,1704523
tai80a.dat,TabuSearch,MPermutation,maxSteps,1000,tabouSize,60,1.0231286,225124338
tai15a.dat,TabuSearch,MPermutation,maxSteps,10,tabouSize,20,1.0593977,1963
tai15a.dat,TabuSearch,MPermutation,maxSteps,1000,tabouSize,50,1.0191106,1157627
tai15a.dat,TabuSearch,MPermutation,maxSteps,100,tabouSize,50,1.0185156,88886
tai15a.dat,TabuSearch,MPermutation,maxSteps,10000,tabouSize,100,1.0257024,11362986
tai15a.dat,TabuSearch,MPermutation,maxSteps,10,tabouSize,10,1.0436718,5314
tai15a.dat,TabuSearch,MPermutation,maxSteps,1000,tabouSize,40,1.015901,1333494
tai15a.dat,TabuSearch,MPermutation,maxSteps,10,tabouSize,9,1.0306739,2409
tai15a.dat,TabuSearch,MPermutation,maxSteps,100,tabouSize,40,1.0232475,79079
tai15a.dat,TabuSearch,MPermutation,maxSteps,10,tabouSize,4,1.0464898,2433
tai15a.dat,TabuSearch,MPermutation,maxSteps,100,tabouSize,30,1.0182682,76716
tai15a.dat,TabuSearch,MPermutation,maxSteps,10,tabouSize,3,1.0364001,2429
tai15a.dat,TabuSearch,MPermutation,maxSteps,10,tabouSize,2,1.0515206,2273
tai15a.dat,TabuSearch,MPermutation,maxSteps,10,tabouSize,1,1.0193502,2018
tai15a.dat,TabuSearch,MPermutation,maxSteps,10,tabouSize,8,1.0397204,2407
tai15a.dat,TabuSearch,MPermutation,maxSteps,10,tabouSize,7,1.0596294,2383
tai15a.dat,TabuSearch,MPermutation,maxSteps,10,tabouSize,6,1.0503305,2355
tai15a.dat,TabuSearch,MPermutation,maxSteps,10,tabouSize,5,1.0393082,2372
tai15a.dat,TabuSearch,MPermutation,maxSteps,100,tabouSize,20,1.0130057,61328
tai15a.dat,TabuSearch,MPermutation,maxSteps,1000,tabouSize,30,1.0122664,1001219
tai15a.dat,TabuSearch,MPermutation,maxSteps,10000,tabouSize,1,1.03275,3372310
tai15a.dat,TabuSearch,MPermutation,maxSteps,10000,tabouSize,2,1.0108393,3355639
tai15a.dat,TabuSearch,MPermutation,maxSteps,10000,tabouSize,3,1.0238116,3711707
tai15a.dat,TabuSearch,MPermutation,maxSteps,10000,tabouSize,4,1.01315,3888480
tai15a.dat,TabuSearch,MPermutation,maxSteps,10000,tabouSize,5,1.0114369,4208375
tai15a.dat,TabuSearch,MPermutation,maxSteps,1000,tabouSize,20,1.0019732,920232
tai15a.dat,TabuSearch,MPermutation,maxSteps,10000,tabouSize,6,1.0073001,4649617
tai15a.dat,TabuSearch,MPermutation,maxSteps,100,tabouSize,6,1.0158623,38155
tai15a.dat,TabuSearch,MPermutation,maxSteps,10000,tabouSize,7,1.0013756,4984976
tai15a.dat,TabuSearch,MPermutation,maxSteps,1000,tabouSize,10,1.002259,515060
tai15a.dat,TabuSearch,MPermutation,maxSteps,100,tabouSize,5,1.015221,40533
tai15a.dat,TabuSearch,MPermutation,maxSteps,10000,tabouSize,8,1.0014889,5232349
tai15a.dat,TabuSearch,MPermutation,maxSteps,1000,tabouSize,9,1.0057597,779399
tai15a.dat,TabuSearch,MPermutation,maxSteps,100,tabouSize,4,1.0171529,61176
tai15a.dat,TabuSearch,MPermutation,maxSteps,1000,tabouSize,8,1.0014373,685101
tai15a.dat,TabuSearch,MPermutation,maxSteps,10000,tabouSize,9,1.0060714,5157918
tai15a.dat,TabuSearch,MPermutation,maxSteps,100,tabouSize,3,1.0179386,32045
tai15a.dat,TabuSearch,MPermutation,maxSteps,1000,tabouSize,7,1.0087838,586693
tai15a.dat,TabuSearch,MPermutation,maxSteps,10000,tabouSize,10,1.0050745,5814445
tai15a.dat,TabuSearch,MPermutation,maxSteps,100,tabouSize,10,1.0168902,46223
tai15a.dat,TabuSearch,MPermutation,maxSteps,100,tabouSize,9,1.0159191,43968
tai15a.dat,TabuSearch,MPermutation,maxSteps,100,tabouSize,8,1.0144095,53885
tai15a.dat,TabuSearch,MPermutation,maxSteps,100,tabouSize,7,1.0136986,39805
tai15a.dat,TabuSearch,MPermutation,maxSteps,1000,tabouSize,2,1.0226164,342288
tai15a.dat,TabuSearch,MPermutation,maxSteps,10,tabouSize,100,1.0452998,2460
tai15a.dat,TabuSearch,MPermutation,maxSteps,1000,tabouSize,1,1.042711,284543
tai15a.dat,TabuSearch,MPermutation,maxSteps,100,tabouSize,2,1.0298959,23437
tai15a.dat,TabuSearch,MPermutation,maxSteps,1000,tabouSize,6,1.0110816,348638
tai15a.dat,TabuSearch,MPermutation,maxSteps,100,tabouSize,1,1.0290252,25063
tai15a.dat,TabuSearch,MPermutation,maxSteps,1000,tabouSize,5,1.0070734,406707
tai15a.dat,TabuSearch,MPermutation,maxSteps,10000,tabouSize,20,1.0,7994135
tai15a.dat,TabuSearch,MPermutation,maxSteps,1000,tabouSize,4,1.0170577,362871
tai15a.dat,TabuSearch,MPermutation,maxSteps,1000,tabouSize,3,1.0215422,361103
tai15a.dat,TabuSearch,MPermutation,maxSteps,10,tabouSize,90,1.0574915,2175
tai15a.dat,TabuSearch,MPermutation,maxSteps,10000,tabouSize,30,1.0018134,11378611
tai15a.dat,TabuSearch,MPermutation,maxSteps,10000,tabouSize,40,1.0018598,12475323
tai15a.dat,TabuSearch,MPermutation,maxSteps,100,tabouSize,100,1.0191647,69522
tai15a.dat,TabuSearch,MPermutation,maxSteps,10,tabouSize,80,1.0505984,1908
tai15a.dat,TabuSearch,MPermutation,maxSteps,10000,tabouSize,50,1.0014426,13021538
tai15a.dat,TabuSearch,MPermutation,maxSteps,10,tabouSize,70,1.0430896,2463
tai15a.dat,TabuSearch,MPermutation,maxSteps,1000,tabouSize,100,1.0206587,947622
tai15a.dat,TabuSearch,MPermutation,maxSteps,10,tabouSize,60,1.0443416,2559
tai15a.dat,TabuSearch,MPermutation,maxSteps,1000,tabouSize,90,1.015355,1050504
tai15a.dat,TabuSearch,MPermutation,maxSteps,100,tabouSize,90,1.0292648,72258
tai15a.dat,TabuSearch,MPermutation,maxSteps,10000,tabouSize,60,1.0089899,14189476
tai15a.dat,TabuSearch,MPermutation,maxSteps,10,tabouSize,50,1.0424612,2046
tai15a.dat,TabuSearch,MPermutation,maxSteps,1000,tabouSize,80,1.0244298,1256611
tai15a.dat,TabuSearch,MPermutation,maxSteps,100,tabouSize,80,1.0197726,79721
tai15a.dat,TabuSearch,MPermutation,maxSteps,10000,tabouSize,70,1.0160736,13092518
tai15a.dat,TabuSearch,MPermutation,maxSteps,100,tabouSize,70,1.0178355,82375
tai15a.dat,TabuSearch,MPermutation,maxSteps,10000,tabouSize,80,1.0206149,14166965
tai15a.dat,TabuSearch,MPermutation,maxSteps,100,tabouSize,60,1.0329895,89692
tai15a.dat,TabuSearch,MPermutation,maxSteps,10,tabouSize,40,1.0506808,2759
tai15a.dat,TabuSearch,MPermutation,maxSteps,1000,tabouSize,70,1.0259007,1424222
tai15a.dat,TabuSearch,MPermutation,maxSteps,10000,tabouSize,90,1.019466,13013960
tai15a.dat,TabuSearch,MPermutation,maxSteps,10,tabouSize,30,1.0385664,2346
tai15a.dat,TabuSearch,MPermutation,maxSteps,1000,tabouSize,60,1.0212228,1260797
tai60a.dat,TabuSearch,MPermutation,maxSteps,10,tabouSize,20,1.105123,513975
tai60a.dat,TabuSearch,MPermutation,maxSteps,1000,tabouSize,50,1.0222397,83936580
tai60a.dat,TabuSearch,MPermutation,maxSteps,100,tabouSize,50,1.0330545,6755685
tai60a.dat,TabuSearch,MPermutation,maxSteps,10000,tabouSize,100,1.0186496,1094878046
tai60a.dat,TabuSearch,MPermutation,maxSteps,10,tabouSize,10,1.1094986,507051
tai60a.dat,TabuSearch,MPermutation,maxSteps,1000,tabouSize,40,1.0244449,76456331
tai60a.dat,TabuSearch,MPermutation,maxSteps,10,tabouSize,9,1.1078497,513573
tai60a.dat,TabuSearch,MPermutation,maxSteps,100,tabouSize,40,1.0347487,6303738
tai60a.dat,TabuSearch,MPermutation,maxSteps,10,tabouSize,4,1.1001118,706859
tai60a.dat,TabuSearch,MPermutation,maxSteps,100,tabouSize,30,1.0353817,6217308
tai60a.dat,TabuSearch,MPermutation,maxSteps,10,tabouSize,3,1.101581,401821
tai60a.dat,TabuSearch,MPermutation,maxSteps,10,tabouSize,2,1.0979352,624871
tai60a.dat,TabuSearch,MPermutation,maxSteps,10,tabouSize,1,1.1060654,612598
tai60a.dat,TabuSearch,MPermutation,maxSteps,10,tabouSize,8,1.1046077,611998
tai60a.dat,TabuSearch,MPermutation,maxSteps,10,tabouSize,7,1.1037766,570040
tai60a.dat,TabuSearch,MPermutation,maxSteps,10,tabouSize,6,1.1050599,570831
tai60a.dat,TabuSearch,MPermutation,maxSteps,10,tabouSize,5,1.0982342,479339
tai60a.dat,TabuSearch,MPermutation,maxSteps,100,tabouSize,20,1.0299126,5875211
tai60a.dat,TabuSearch,MPermutation,maxSteps,1000,tabouSize,30,1.0207974,72171315
tai60a.dat,TabuSearch,MPermutation,maxSteps,10000,tabouSize,1,1.0368387,561448304
tai60a.dat,TabuSearch,MPermutation,maxSteps,10000,tabouSize,2,1.0361056,560823313
tai60a.dat,TabuSearch,MPermutation,maxSteps,10000,tabouSize,3,1.0266933,555159831
tai60a.dat,TabuSearch,MPermutation,maxSteps,10000,tabouSize,4,1.022334,554589431
tai60a.dat,TabuSearch,MPermutation,maxSteps,10000,tabouSize,5,1.0203401,561293364
tai60a.dat,TabuSearch,MPermutation,maxSteps,1000,tabouSize,20,1.0229576,65544791
tai60a.dat,TabuSearch,MPermutation,maxSteps,10000,tabouSize,6,1.0224371,599235996
tai60a.dat,TabuSearch,MPermutation,maxSteps,100,tabouSize,6,1.0339605,5253304
tai60a.dat,TabuSearch,MPermutation,maxSteps,10000,tabouSize,7,1.0184283,574115478
tai60a.dat,TabuSearch,MPermutation,maxSteps,1000,tabouSize,10,1.0197335,58802844
tai60a.dat,TabuSearch,MPermutation,maxSteps,100,tabouSize,5,1.0333965,5207333
tai60a.dat,TabuSearch,MPermutation,maxSteps,10000,tabouSize,8,1.0139029,591679260
tai60a.dat,TabuSearch,MPermutation,maxSteps,1000,tabouSize,9,1.0210327,58114340
tai60a.dat,TabuSearch,MPermutation,maxSteps,100,tabouSize,4,1.0329828,5214708
tai60a.dat,TabuSearch,MPermutation,maxSteps,1000,tabouSize,8,1.0178463,57060453
tai60a.dat,TabuSearch,MPermutation,maxSteps,10000,tabouSize,9,1.0148115,577221954
tai60a.dat,TabuSearch,MPermutation,maxSteps,100,tabouSize,3,1.0349275,5088663
tai60a.dat,TabuSearch,MPermutation,maxSteps,1000,tabouSize,7,1.0181615,56136147
tai60a.dat,TabuSearch,MPermutation,maxSteps,10000,tabouSize,10,1.014281,581895874
tai60a.dat,TabuSearch,MPermutation,maxSteps,100,tabouSize,10,1.0355371,5417859
tai60a.dat,TabuSearch,MPermutation,maxSteps,100,tabouSize,9,1.0317657,5545043
tai60a.dat,TabuSearch,MPermutation,maxSteps,100,tabouSize,8,1.0356209,5642177
tai60a.dat,TabuSearch,MPermutation,maxSteps,100,tabouSize,7,1.0361779,5407870
tai60a.dat,TabuSearch,MPermutation,maxSteps,1000,tabouSize,2,1.03396,54394734
tai60a.dat,TabuSearch,MPermutation,maxSteps,10,tabouSize,100,1.1044009,522291
tai60a.dat,TabuSearch,MPermutation,maxSteps,1000,tabouSize,1,1.0392358,53308704
tai60a.dat,TabuSearch,MPermutation,maxSteps,100,tabouSize,2,1.0346164,5644010
tai60a.dat,TabuSearch,MPermutation,maxSteps,1000,tabouSize,6,1.0202532,57112343
tai60a.dat,TabuSearch,MPermutation,maxSteps,100,tabouSize,1,1.0436921,5313144
tai60a.dat,TabuSearch,MPermutation,maxSteps,1000,tabouSize,5,1.0241231,56090151
tai60a.dat,TabuSearch,MPermutation,maxSteps,10000,tabouSize,20,1.0163107,629870772
tai60a.dat,TabuSearch,MPermutation,maxSteps,1000,tabouSize,4,1.0244528,55688656
tai60a.dat,TabuSearch,MPermutation,maxSteps,1000,tabouSize,3,1.0293303,54783524
tai60a.dat,TabuSearch,MPermutation,maxSteps,10,tabouSize,90,1.1011133,528444
tai60a.dat,TabuSearch,MPermutation,maxSteps,10000,tabouSize,30,1.01792,679537380
tai60a.dat,TabuSearch,MPermutation,maxSteps,10000,tabouSize,40,1.0177581,724124225
tai60a.dat,TabuSearch,MPermutation,maxSteps,100,tabouSize,100,1.0330131,6073256
tai60a.dat,TabuSearch,MPermutation,maxSteps,10,tabouSize,80,1.1039679,499407
tai60a.dat,TabuSearch,MPermutation,maxSteps,10000,tabouSize,50,1.0172759,753691875
tai60a.dat,TabuSearch,MPermutation,maxSteps,10,tabouSize,70,1.1006473,633566
tai60a.dat,TabuSearch,MPermutation,maxSteps,1000,tabouSize,100,1.0260493,101250088
tai60a.dat,TabuSearch,MPermutation,maxSteps,10,tabouSize,60,1.1003352,542984
tai60a.dat,TabuSearch,MPermutation,maxSteps,1000,tabouSize,90,1.0223798,92624223
tai60a.dat,TabuSearch,MPermutation,maxSteps,100,tabouSize,90,1.0310568,5679398
tai60a.dat,TabuSearch,MPermutation,maxSteps,10000,tabouSize,60,1.0162642,763775373
tai60a.dat,TabuSearch,MPermutation,maxSteps,10,tabouSize,50,1.1013445,515274
tai60a.dat,TabuSearch,MPermutation,maxSteps,1000,tabouSize,80,1.0214746,89197147
tai60a.dat,TabuSearch,MPermutation,maxSteps,100,tabouSize,80,1.0341097,5995850
tai60a.dat,TabuSearch,MPermutation,maxSteps,10000,tabouSize,70,1.0193692,776882443
tai60a.dat,TabuSearch,MPermutation,maxSteps,100,tabouSize,70,1.0357418,5591522
tai60a.dat,TabuSearch,MPermutation,maxSteps,10000,tabouSize,80,1.0190083,771682360
tai60a.dat,TabuSearch,MPermutation,maxSteps,100,tabouSize,60,1.0310855,5732245
tai60a.dat,TabuSearch,MPermutation,maxSteps,10,tabouSize,40,1.099333,562007
tai60a.dat,TabuSearch,MPermutation,maxSteps,1000,tabouSize,70,1.0222864,84255859
tai60a.dat,TabuSearch,MPermutation,maxSteps,10000,tabouSize,90,1.0185585,788929848
tai60a.dat,TabuSearch,MPermutation,maxSteps,10,tabouSize,30,1.1000793,526531
tai60a.dat,TabuSearch,MPermutation,maxSteps,1000,tabouSize,60,1.0236326,80078896
tai25a.dat,TabuSearch,MPermutation,maxSteps,10,tabouSize,20,1.0747368,17186
tai25a.dat,TabuSearch,MPermutation,maxSteps,1000,tabouSize,50,1.020322,5588252
tai25a.dat,TabuSearch,MPermutation,maxSteps,100,tabouSize,50,1.0316589,358562
tai25a.dat,TabuSearch,MPermutation,maxSteps,10000,tabouSize,100,1.0214298,85829673
tai25a.dat,TabuSearch,MPermutation,maxSteps,10,tabouSize,10,1.0703453,14868
tai25a.dat,TabuSearch,MPermutation,maxSteps,1000,tabouSize,40,1.0216705,4692614
tai25a.dat,TabuSearch,MPermutation,maxSteps,10,tabouSize,9,1.0741414,14724
tai25a.dat,TabuSearch,MPermutation,maxSteps,100,tabouSize,40,1.0312896,316311
tai25a.dat,TabuSearch,MPermutation,maxSteps,10,tabouSize,4,1.062539,15333
tai25a.dat,TabuSearch,MPermutation,maxSteps,100,tabouSize,30,1.0350797,328071
tai25a.dat,TabuSearch,MPermutation,maxSteps,10,tabouSize,3,1.0652479,16410
tai25a.dat,TabuSearch,MPermutation,maxSteps,10,tabouSize,2,1.0667034,16324
tai25a.dat,TabuSearch,MPermutation,maxSteps,10,tabouSize,1,1.071776,17016
tai25a.dat,TabuSearch,MPermutation,maxSteps,10,tabouSize,8,1.0726087,16999
tai25a.dat,TabuSearch,MPermutation,maxSteps,10,tabouSize,7,1.0662948,16206
tai25a.dat,TabuSearch,MPermutation,maxSteps,10,tabouSize,6,1.0728135,16561
tai25a.dat,TabuSearch,MPermutation,maxSteps,10,tabouSize,5,1.0812179,15869
tai25a.dat,TabuSearch,MPermutation,maxSteps,100,tabouSize,20,1.026743,270685
tai25a.dat,TabuSearch,MPermutation,maxSteps,1000,tabouSize,30,1.021458,3901576
tai25a.dat,TabuSearch,MPermutation,maxSteps,10000,tabouSize,1,1.0391388,16269688
tai25a.dat,TabuSearch,MPermutation,maxSteps,10000,tabouSize,2,1.0257664,17755768
tai25a.dat,TabuSearch,MPermutation,maxSteps,10000,tabouSize,3,1.0307996,18967878
tai25a.dat,TabuSearch,MPermutation,maxSteps,10000,tabouSize,4,1.023999,19924637
tai25a.dat,TabuSearch,MPermutation,maxSteps,10000,tabouSize,5,1.0146823,20658113
tai25a.dat,TabuSearch,MPermutation,maxSteps,1000,tabouSize,20,1.0174178,3292266
tai25a.dat,TabuSearch,MPermutation,maxSteps,10000,tabouSize,6,1.023999,21452587
tai25a.dat,TabuSearch,MPermutation,maxSteps,100,tabouSize,6,1.0321805,178582
tai25a.dat,TabuSearch,MPermutation,maxSteps,10000,tabouSize,7,1.0171582,22488321
tai25a.dat,TabuSearch,MPermutation,maxSteps,1000,tabouSize,10,1.0191312,2397585
tai25a.dat,TabuSearch,MPermutation,maxSteps,100,tabouSize,5,1.0230206,197693
tai25a.dat,TabuSearch,MPermutation,maxSteps,10000,tabouSize,8,1.0150361,23305943
tai25a.dat,TabuSearch,MPermutation,maxSteps,1000,tabouSize,9,1.0125782,2363843
tai25a.dat,TabuSearch,MPermutation,maxSteps,100,tabouSize,4,1.0286056,183666
tai25a.dat,TabuSearch,MPermutation,maxSteps,1000,tabouSize,8,1.012388,2362560
tai25a.dat,TabuSearch,MPermutation,maxSteps,10000,tabouSize,9,1.0122441,24460111
tai25a.dat,TabuSearch,MPermutation,maxSteps,100,tabouSize,3,1.0332018,186198
tai25a.dat,TabuSearch,MPermutation,maxSteps,1000,tabouSize,7,1.0213424,2194816
tai25a.dat,TabuSearch,MPermutation,maxSteps,10000,tabouSize,10,1.0109257,25575828
tai25a.dat,TabuSearch,MPermutation,maxSteps,100,tabouSize,10,1.0321875,232223
tai25a.dat,TabuSearch,MPermutation,maxSteps,100,tabouSize,9,1.0290639,214666
tai25a.dat,TabuSearch,MPermutation,maxSteps,100,tabouSize,8,1.0282483,221857
tai25a.dat,TabuSearch,MPermutation,maxSteps,100,tabouSize,7,1.0279741,216463
tai25a.dat,TabuSearch,MPermutation,maxSteps,1000,tabouSize,2,1.0401736,1949275
tai25a.dat,TabuSearch,MPermutation,maxSteps,10,tabouSize,100,1.0694252,15616
tai25a.dat,TabuSearch,MPermutation,maxSteps,1000,tabouSize,1,1.0357239,1576810
tai25a.dat,TabuSearch,MPermutation,maxSteps,100,tabouSize,2,1.0334142,163450
tai25a.dat,TabuSearch,MPermutation,maxSteps,1000,tabouSize,6,1.018122,2160300
tai25a.dat,TabuSearch,MPermutation,maxSteps,100,tabouSize,1,1.049338,169108
tai25a.dat,TabuSearch,MPermutation,maxSteps,1000,tabouSize,5,1.0204017,2049281
tai25a.dat,TabuSearch,MPermutation,maxSteps,10000,tabouSize,20,1.0090443,34238244
tai25a.dat,TabuSearch,MPermutation,maxSteps,1000,tabouSize,4,1.0209517,1922048
tai25a.dat,TabuSearch,MPermutation,maxSteps,1000,tabouSize,3,1.0261939,1875118
tai25a.dat,TabuSearch,MPermutation,maxSteps,10,tabouSize,90,1.071668,15850
tai25a.dat,TabuSearch,MPermutation,maxSteps,10000,tabouSize,30,1.0093279,42057680
tai25a.dat,TabuSearch,MPermutation,maxSteps,10000,tabouSize,40,1.0121901,49551365
tai25a.dat,TabuSearch,MPermutation,maxSteps,100,tabouSize,100,1.0273608,345845
tai25a.dat,TabuSearch,MPermutation,maxSteps,10,tabouSize,80,1.0675995,15772
tai25a.dat,TabuSearch,MPermutation,maxSteps,10000,tabouSize,50,1.0080745,56728863
tai25a.dat,TabuSearch,MPermutation,maxSteps,10,tabouSize,70,1.0646747,16919
tai25a.dat,TabuSearch,MPermutation,maxSteps,1000,tabouSize,100,1.0260637,7928892
tai25a.dat,TabuSearch,MPermutation,maxSteps,10,tabouSize,60,1.0690945,15162
tai25a.dat,TabuSearch,MPermutation,maxSteps,1000,tabouSize,90,1.0281515,7673577
tai25a.dat,TabuSearch,MPermutation,maxSteps,100,tabouSize,90,1.0298907,341025
tai25a.dat,TabuSearch,MPermutation,maxSteps,10000,tabouSize,60,1.0190917,64638575
tai25a.dat,TabuSearch,MPermutation,maxSteps,10,tabouSize,50,1.0651613,16501
tai25a.dat,TabuSearch,MPermutation,maxSteps,1000,tabouSize,80,1.0245191,7278593
tai25a.dat,TabuSearch,MPermutation,maxSteps,100,tabouSize,80,1.0357522,344850
tai25a.dat,TabuSearch,MPermutation,maxSteps,10000,tabouSize,70,1.0157883,69687279
tai25a.dat,TabuSearch,MPermutation,maxSteps,100,tabouSize,70,1.0304672,337996
tai25a.dat,TabuSearch,MPermutation,maxSteps,10000,tabouSize,80,1.0144793,71919095
tai25a.dat,TabuSearch,MPermutation,maxSteps,100,tabouSize,60,1.0340627,340359
tai25a.dat,TabuSearch,MPermutation,maxSteps,10,tabouSize,40,1.0710709,17527
tai25a.dat,TabuSearch,MPermutation,maxSteps,1000,tabouSize,70,1.0227585,6817221
tai25a.dat,TabuSearch,MPermutation,maxSteps,10000,tabouSize,90,1.0161644,75231042
tai25a.dat,TabuSearch,MPermutation,maxSteps,10,tabouSize,30,1.0711077,15262
tai25a.dat,TabuSearch,MPermutation,maxSteps,1000,tabouSize,60,1.020459,6314181
